customer_id,total_orders,total_revenue,avg_order_value,first_order_date,last_order_date,customer_name,customer_city,customer_state,customer_since,segment,clv_tier
CUST00081,2,44664.44,22332.22,2022-09-04,2024-10-17 00:00:00,Arjun Pandey,Rohini,Delhi,2022-03-19,Occasional,Medium
CUST00148,2,65579.56999999999,32789.784999999996,2023-10-24,2024-05-21 00:00:00,Kavya Nair,Chennai,Tamil Nadu,2022-11-05,Occasional,High
CUST00169,1,42951.37,42951.37,2023-11-28,2023-11-28 00:00:00,Varun Pillai,Mumbai,Maharashtra,2019-03-19,One-Time,Medium
CUST00293,1,24755.57,24755.57,2022-12-29,2022-12-29 00:00:00,Vijay Pillai,Agra,Uttar Pradesh,2020-05-21,One-Time,Medium
CUST00298,9,322136.17,35792.90777777778,2022-04-30,2024-10-23 00:00:00,Ravi Patel,Howrah,West Bengal,2021-10-26,Loyal,Premium
CUST00320,3,105269.43,35089.81,2022-01-20,2024-02-25 00:00:00,Suresh Sharma,Coimbatore,Tamil Nadu,2021-05-28,Occasional,High
CUST00379,2,43790.759999999995,21895.379999999997,2022-05-22,2024-08-08 00:00:00,Kiran Das,Surat,Gujarat,2019-12-24,Occasional,Medium
CUST00395,1,117440.88,117440.88,2023-08-27,2023-08-27 00:00:00,Aarav Pandey,Amritsar,Punjab,2020-11-29,One-Time,High
CUST00826,1,12515.77,12515.77,2024-01-15,2024-01-15 00:00:00,Divya Pillai,Agra,Uttar Pradesh,2019-10-09,One-Time,Medium
CUST00857,1,23735.32,23735.32,2022-05-06,2022-05-06 00:00:00,Meera Pandey,Bhubaneswar,Odisha,2022-03-18,One-Time,Medium
CUST00995,5,207714.66,41542.932,2022-07-09,2024-07-19 00:00:00,Pankaj Joshi,Surat,Gujarat,2019-11-14,Occasional,Premium
CUST00996,1,62529.98,62529.98,2022-01-23,2022-01-23 00:00:00,Deepak Iyer,Siliguri,West Bengal,2022-07-09,One-Time,High
CUST01168,1,12944.38,12944.38,2023-08-09,2023-08-09 00:00:00,Pooja Verma,Kota,Rajasthan,2020-06-27,One-Time,Medium
CUST01173,3,56733.979999999996,18911.326666666664,2022-06-03,2024-11-09 00:00:00,Sneha Pillai,Ahmedabad,Gujarat,2019-09-14,Occasional,High
CUST01184,1,3596.66,3596.66,2024-01-23,2024-01-23 00:00:00,Arjun Tiwari,Kanpur,Uttar Pradesh,2020-09-26,One-Time,Low
CUST01412,4,366747.47000000003,73349.494,2022-11-29,2024-08-10 00:00:00,Arjun Mishra,Bhopal,Madhya Pradesh,2021-07-15,Occasional,Premium
CUST01476,1,10622.02,10622.02,2024-12-21,2024-12-21 00:00:00,Varun Bose,Jodhpur,Rajasthan,2021-04-12,One-Time,Medium
CUST01543,2,334698.24,111566.08,2022-01-02,2023-09-28 00:00:00,Gaurav Shah,Jodhpur,Rajasthan,2020-04-11,Occasional,Premium
CUST01661,2,143011.05,71505.525,2023-12-02,2024-12-19 00:00:00,Divya Tiwari,Indore,Madhya Pradesh,2021-10-14,Occasional,High
CUST01685,6,273948.39,45658.065,2022-05-25,2023-05-23 00:00:00,Meera Shah,Mangaluru,Karnataka,2021-11-08,Loyal,Premium
CUST01877,1,25867.17,25867.17,2024-08-16,2024-08-16 00:00:00,Manish Mishra,Gaya,Bihar,2020-12-24,One-Time,Medium
CUST01899,8,257850.91999999998,32231.364999999998,2022-03-02,2023-12-09 00:00:00,Arjun Kumar,Amritsar,Punjab,2022-11-07,Loyal,Premium
CUST01972,1,73117.64,73117.64,2024-09-01,2024-09-01 00:00:00,Varun Saxena,Udaipur,Rajasthan,2020-07-17,One-Time,High
CUST02096,3,43734.979999999996,14578.326666666666,2022-04-01,2024-06-28 00:00:00,Neha Nair,Surat,Gujarat,2021-04-10,Occasional,Medium
CUST02164,7,212241.51,30320.215714285714,2022-06-23,2024-10-11 00:00:00,Aarav Naidu,Dwarka,Delhi,2021-06-12,Loyal,Premium
CUST02198,1,1668.44,1668.44,2023-10-30,2023-10-30 00:00:00,Priya Nair,Ludhiana,Punjab,2022-05-10,One-Time,Low
CUST02205,2,68666.29,34333.145,2022-10-14,2024-07-01 00:00:00,Sneha Iyer,Ujjain,Madhya Pradesh,2022-11-02,Occasional,High
CUST02261,2,30528.489999999998,15264.244999999999,2022-08-12,2024-10-07 00:00:00,Suresh Das,Kanpur,Uttar Pradesh,2021-08-02,Occasional,Medium
CUST02514,20,718870.71,35943.5355,2022-01-18,2024-12-15 00:00:00,Rahul Saxena,Udaipur,Rajasthan,2021-06-07,Loyal,Premium
CUST02526,4,87470.74,21867.685,2022-07-31,2024-12-14 00:00:00,Yasmin Tiwari,Varanasi,Uttar Pradesh,2019-08-31,Occasional,High
CUST02722,8,344938.87,43117.35875,2022-02-27,2024-09-26 00:00:00,Mohan Bose,Berhampur,Odisha,2020-04-07,Loyal,Premium
CUST02810,1,34321.6,34321.6,2024-11-23,2024-11-23 00:00:00,Kiran Naidu,Janakpuri,Delhi,2022-03-22,One-Time,Medium
CUST02986,3,112839.11,37613.03666666667,2022-08-03,2024-02-19 00:00:00,Rajesh Malhotra,Thiruvananthapuram,Kerala,2021-06-23,Occasional,High
CUST03070,1,9905.21,9905.21,2023-12-29,2023-12-29 00:00:00,Nisha Iyer,Nizamabad,Telangana,2020-04-12,One-Time,Low
CUST03354,1,21031.97,21031.97,2022-08-11,2022-08-11 00:00:00,Rahul Kumar,Asansol,West Bengal,2020-04-11,One-Time,Medium
CUST03395,1,64771.77,64771.77,2023-09-28,2023-09-28 00:00:00,Aisha Mehta,Lucknow,Uttar Pradesh,2020-02-24,One-Time,High
CUST03417,2,83070.13,41535.065,2023-09-22,2024-10-26 00:00:00,Sanjay Patel,Khammam,Telangana,2019-05-31,Occasional,High
CUST03540,1,53807.28,53807.28,2023-11-11,2023-11-11 00:00:00,Rahul Agarwal,Ajmer,Rajasthan,2021-07-31,One-Time,High
CUST03588,1,82764.64,82764.64,2022-05-08,2022-05-08 00:00:00,Gaurav Das,Coimbatore,Tamil Nadu,2021-02-09,One-Time,High
CUST03625,3,124546.68,41515.56,2022-04-27,2024-08-07 00:00:00,Neha Nair,Nashik,Maharashtra,2020-09-11,Occasional,High
CUST03711,1,39189.49,39189.49,2024-02-18,2024-02-18 00:00:00,Sanjay Rao,Bengaluru,Karnataka,2019-04-04,One-Time,Medium
CUST03747,3,135707.93,45235.97666666666,2022-06-27,2023-01-31 00:00:00,Ananya Rao,Ghaziabad,Uttar Pradesh,2022-05-12,Occasional,High
CUST03764,1,9880.14,9880.14,2023-08-28,2023-08-28 00:00:00,Gaurav Malhotra,Faridabad,Haryana,2019-05-02,One-Time,Low
CUST03995,3,50032.2,16677.399999999998,2022-04-13,2024-11-14 00:00:00,Vikram Das,Dwarka,Delhi,2020-04-16,Occasional,High
CUST04172,1,58542.34,58542.34,2022-04-17,2022-04-17 00:00:00,Mohan Pandey,Siliguri,West Bengal,2022-07-14,One-Time,High
CUST04193,1,26215.11,26215.11,2022-06-05,2022-06-05 00:00:00,Aisha Malhotra,Amritsar,Punjab,2021-06-30,One-Time,Medium
CUST04353,1,6949.23,6949.23,2023-12-31,2023-12-31 00:00:00,Ravi Malhotra,Hyderabad,Telangana,2022-04-14,One-Time,Low
CUST04374,2,103142.9,51571.45,2024-03-22,2024-07-09 00:00:00,Amit Agarwal,Bhopal,Madhya Pradesh,2021-09-26,Occasional,High
CUST04450,1,23375.16,23375.16,2024-07-12,2024-07-12 00:00:00,Sunita Mishra,Agra,Uttar Pradesh,2020-11-29,One-Time,Medium
CUST04476,2,316838.23000000004,158419.11500000002,2023-01-29,2023-03-02 00:00:00,Meera Rao,Ghaziabad,Uttar Pradesh,2022-10-29,Occasional,Premium
CUST04597,2,60738.020000000004,30369.010000000002,2022-02-25,2024-12-10 00:00:00,Manish Verma,Saket,Delhi,2020-07-02,Occasional,High
CUST04610,2,23981.36,11990.68,2022-12-24,2023-09-03 00:00:00,Vikram Chopra,Udaipur,Rajasthan,2021-04-08,Occasional,Medium
CUST04626,1,27574.96,27574.96,2024-08-05,2024-08-05 00:00:00,Aarav Bose,Salem,Tamil Nadu,2020-11-18,One-Time,Medium
CUST04645,4,192390.93,48097.7325,2022-03-01,2024-06-26 00:00:00,Ravi Reddy,Patna,Bihar,2020-11-12,Occasional,High
CUST04673,1,4384.38,4384.38,2022-10-13,2022-10-13 00:00:00,Anjali Malhotra,Kolkata,West Bengal,2022-11-22,One-Time,Low
CUST04685,1,63637.48,63637.48,2022-07-05,2022-07-05 00:00:00,Sneha Kumar,Hisar,Haryana,2019-07-04,One-Time,High
CUST04718,5,363113.19,72622.638,2022-01-22,2024-11-11 00:00:00,Rajesh Tiwari,Nizamabad,Telangana,2019-04-24,Occasional,Premium
CUST04943,4,63647.1,15911.775,2022-08-22,2023-11-17 00:00:00,Vikram Singh,Jalandhar,Punjab,2022-09-04,Occasional,High
CUST05033,1,111140.22,111140.22,2024-10-28,2024-10-28 00:00:00,Gaurav Sharma,Hubli,Karnataka,2019-08-17,One-Time,High
CUST05057,6,178540.88,29756.813333333335,2022-12-16,2024-11-25 00:00:00,Vikram Mishra,Surat,Gujarat,2022-10-08,Loyal,High
CUST05073,1,42683.73,42683.73,2023-10-17,2023-10-17 00:00:00,Yasmin Mehta,Dwarka,Delhi,2022-11-24,One-Time,Medium
CUST05082,1,28316.79,28316.79,2022-05-05,2022-05-05 00:00:00,Sneha Patel,Ajmer,Rajasthan,2019-07-11,One-Time,Medium
CUST05085,1,37757.62,37757.62,2022-06-16,2022-06-16 00:00:00,Vijay Das,Mangaluru,Karnataka,2022-09-29,One-Time,Medium
CUST05188,1,0.0,0.0,2024-11-30,2024-11-30 00:00:00,Anjali Rao,Hisar,Haryana,2019-12-26,One-Time,Low
CUST05196,1,29340.5,29340.5,2023-02-25,2023-02-25 00:00:00,Nisha Shah,Jaipur,Rajasthan,2020-03-23,One-Time,Medium
CUST05312,4,187598.89,46899.7225,2022-03-25,2024-03-13 00:00:00,Aarav Sharma,Kota,Rajasthan,2020-07-21,Occasional,High
CUST05440,1,25240.6,25240.6,2024-05-06,2024-05-06 00:00:00,Lakshmi Agarwal,Tiruchirappalli,Tamil Nadu,2021-06-07,One-Time,Medium
CUST05487,1,81235.04,81235.04,2024-10-16,2024-10-16 00:00:00,Tarun Sharma,Vadodara,Gujarat,2020-07-29,One-Time,High
CUST05534,5,241007.19,48201.438,2023-04-17,2024-10-11 00:00:00,Neha Agarwal,Kota,Rajasthan,2022-10-29,Occasional,Premium
CUST05630,4,140998.78,35249.695,2022-08-28,2024-01-07 00:00:00,Sneha Pillai,Karimnagar,Telangana,2022-01-04,Occasional,High
CUST05784,3,130933.38,43644.46,2023-04-21,2024-12-18 00:00:00,Gaurav Gupta,Hubli,Karnataka,2020-08-28,Occasional,High
CUST05824,1,1921.61,1921.61,2024-07-19,2024-07-19 00:00:00,Pankaj Chopra,Cuttack,Odisha,2019-04-09,One-Time,Low
CUST06056,1,88572.92,88572.92,2022-03-23,2022-03-23 00:00:00,Tanvi Agarwal,Rajkot,Gujarat,2021-04-04,One-Time,High
CUST06170,1,65273.28,65273.28,2024-03-10,2024-03-10 00:00:00,Pooja Kumar,Chennai,Tamil Nadu,2020-01-20,One-Time,High
CUST06192,17,523638.48,30802.263529411764,2022-02-27,2024-08-27 00:00:00,Nikhil Rao,Ahmedabad,Gujarat,2021-03-23,Loyal,Premium
CUST06210,3,440219.43999999994,146739.81333333332,2022-01-26,2023-12-11 00:00:00,Anjali Tiwari,Coimbatore,Tamil Nadu,2019-05-02,Occasional,Premium
CUST06395,1,0.0,0.0,2024-11-02,2024-11-02 00:00:00,Aarav Malhotra,Kota,Rajasthan,2020-05-27,One-Time,Low
CUST06444,1,13440.52,13440.52,2023-04-16,2023-04-16 00:00:00,Mohan Patel,Kollam,Kerala,2020-06-21,One-Time,Medium
CUST06465,1,62579.2,62579.2,2024-03-27,2024-03-27 00:00:00,Rohit Shah,Pune,Maharashtra,2019-03-12,One-Time,High
CUST06467,1,17183.49,17183.49,2024-02-10,2024-02-10 00:00:00,Lakshmi Kumar,Nizamabad,Telangana,2022-09-18,One-Time,Medium
CUST06567,1,21891.78,21891.78,2023-12-10,2023-12-10 00:00:00,Nikhil Rao,Berhampur,Odisha,2022-12-28,One-Time,Medium
CUST06588,1,14417.6,14417.6,2024-09-18,2024-09-18 00:00:00,Ishaan Sharma,Dwarka,Delhi,2021-05-22,One-Time,Medium
CUST06726,1,28712.36,28712.36,2024-03-11,2024-03-11 00:00:00,Yasmin Pillai,Aurangabad,Maharashtra,2019-11-19,One-Time,Medium
CUST06748,1,55801.36,55801.36,2023-06-13,2023-06-13 00:00:00,Yasmin Agarwal,Dwarka,Delhi,2019-01-11,One-Time,High
CUST06815,1,41236.94,41236.94,2023-06-21,2023-06-21 00:00:00,Arjun Patel,Dwarka,Delhi,2021-04-13,One-Time,Medium
CUST06821,2,39035.19,19517.595,2022-12-11,2023-01-27 00:00:00,Rahul Saxena,Kozhikode,Kerala,2020-03-17,Occasional,Medium
CUST06882,1,7218.86,7218.86,2024-05-06,2024-05-06 00:00:00,Nikhil Singh,Sambalpur,Odisha,2019-04-12,One-Time,Low
CUST07088,1,77783.28,77783.28,2024-03-14,2024-03-14 00:00:00,Pankaj Malhotra,Panipat,Haryana,2019-07-20,One-Time,High
CUST07138,1,78918.96,78918.96,2022-11-24,2022-11-24 00:00:00,Zara Iyer,Berhampur,Odisha,2021-09-26,One-Time,High
CUST07146,1,47477.64,47477.64,2024-12-28,2024-12-28 00:00:00,Gaurav Nair,Jodhpur,Rajasthan,2019-02-12,One-Time,Medium
CUST07223,1,24946.96,24946.96,2024-10-18,2024-10-18 00:00:00,Vijay Tiwari,Rajkot,Gujarat,2019-10-10,One-Time,Medium
CUST07308,6,290754.58999999997,48459.09833333333,2022-01-06,2024-08-16 00:00:00,Nikhil Shah,Bathinda,Punjab,2021-01-25,Loyal,Premium
CUST07487,4,174040.6,43510.15,2022-07-02,2024-11-03 00:00:00,Aarav Patel,Howrah,West Bengal,2019-04-22,Occasional,High
CUST07539,1,71509.77,71509.77,2024-09-10,2024-09-10 00:00:00,Divya Saxena,Nagpur,Maharashtra,2021-01-11,One-Time,High
CUST07553,15,426296.99,28419.799333333332,2022-03-12,2024-10-14 00:00:00,Priya Chopra,New Delhi,Delhi,2021-03-27,Loyal,Premium
CUST07620,1,12636.84,12636.84,2023-05-13,2023-05-13 00:00:00,Yasmin Agarwal,Belagavi,Karnataka,2022-11-22,One-Time,Medium
CUST07681,1,21710.52,21710.52,2022-08-26,2022-08-26 00:00:00,Aarav Kumar,Indore,Madhya Pradesh,2021-08-03,One-Time,Medium
CUST07832,1,27290.5,27290.5,2022-04-05,2022-04-05 00:00:00,Suresh Bose,Karimnagar,Telangana,2020-04-13,One-Time,Medium
CUST07919,1,44978.99,44978.99,2023-04-28,2023-04-28 00:00:00,Sneha Singh,Ajmer,Rajasthan,2022-10-20,One-Time,Medium
CUST07927,4,62737.57,15684.3925,2022-08-06,2022-12-09 00:00:00,Tanvi Pandey,Howrah,West Bengal,2022-06-28,Occasional,High
CUST08250,1,96793.66,96793.66,2022-03-23,2022-03-23 00:00:00,Rohit Das,Rajkot,Gujarat,2022-09-28,One-Time,High
CUST08286,1,8688.65,8688.65,2022-06-24,2022-06-24 00:00:00,Sanjay Mehta,Khammam,Telangana,2022-11-09,One-Time,Low
CUST08440,5,265229.41,53045.882,2022-03-15,2024-08-28 00:00:00,Priya Sharma,Cuttack,Odisha,2021-03-28,Occasional,Premium
CUST08523,2,44298.34,22149.17,2022-01-01,2024-01-09 00:00:00,Ishaan Joshi,Howrah,West Bengal,2022-08-03,Occasional,Medium
CUST08598,2,197525.1,98762.55,2023-05-12,2024-04-24 00:00:00,Deepak Saxena,Kozhikode,Kerala,2021-08-04,Occasional,High
CUST08628,1,64746.67,64746.67,2023-09-07,2023-09-07 00:00:00,Tanvi Nair,Ajmer,Rajasthan,2020-09-04,One-Time,High
CUST08789,1,14196.94,14196.94,2024-04-01,2024-04-01 00:00:00,Ishaan Kumar,Mangaluru,Karnataka,2022-03-31,One-Time,Medium
CUST08853,7,175563.44999999998,25080.492857142854,2022-10-31,2024-10-27 00:00:00,Nisha Sharma,Bengaluru,Karnataka,2022-08-22,Loyal,High
CUST08856,3,80680.73,26893.576666666664,2023-04-30,2024-08-16 00:00:00,Zara Tiwari,Mangaluru,Karnataka,2021-04-23,Occasional,High
CUST08951,4,184394.16999999998,46098.542499999996,2022-12-27,2024-04-29 00:00:00,Riya Das,Hisar,Haryana,2020-10-10,Occasional,High
CUST09121,1,90556.79,90556.79,2023-06-04,2023-06-04 00:00:00,Yasmin Patel,Karimnagar,Telangana,2022-03-04,One-Time,High
CUST09284,1,68368.6,68368.6,2024-08-25,2024-08-25 00:00:00,Deepak Chopra,Muzaffarpur,Bihar,2020-08-14,One-Time,High
CUST09401,4,172081.77000000002,43020.442500000005,2022-05-21,2024-10-17 00:00:00,Tarun Malhotra,Ahmedabad,Gujarat,2021-09-03,Occasional,High
CUST09507,10,235626.59,23562.659,2022-06-21,2024-10-08 00:00:00,Meera Iyer,Faridabad,Haryana,2020-11-16,Loyal,Premium
CUST09579,2,25984.13,12992.065,2024-07-22,2024-08-24 00:00:00,Pooja Bose,Hubli,Karnataka,2020-05-24,Occasional,Medium
CUST09742,1,12331.22,12331.22,2024-05-07,2024-05-07 00:00:00,Manish Pillai,Rourkela,Odisha,2021-01-26,One-Time,Medium
CUST09753,15,589209.91,39280.66066666667,2022-01-08,2024-11-17 00:00:00,Deepak Shah,Salem,Tamil Nadu,2021-05-03,Loyal,Premium
CUST09834,1,84180.52,84180.52,2023-11-27,2023-11-27 00:00:00,Gaurav Chopra,Ujjain,Madhya Pradesh,2019-11-10,One-Time,High
CUST09992,1,13066.77,13066.77,2022-09-26,2022-09-26 00:00:00,Kavya Das,Jabalpur,Madhya Pradesh,2021-09-25,One-Time,Medium
CUST10165,5,312544.64,62508.928,2022-06-25,2024-10-28 00:00:00,Rahul Pandey,Khammam,Telangana,2021-03-16,Occasional,Premium
CUST10192,4,155063.69,38765.9225,2022-09-09,2024-12-22 00:00:00,Nisha Tiwari,Howrah,West Bengal,2021-05-19,Occasional,High
CUST10235,2,108140.03,54070.015,2022-01-07,2023-10-21 00:00:00,Arjun Naidu,Khammam,Telangana,2022-05-15,Occasional,High
CUST10263,2,65150.19,32575.095,2023-06-11,2024-05-06 00:00:00,Ishaan Rao,Belagavi,Karnataka,2022-10-03,Occasional,High
CUST10324,1,16148.72,16148.72,2024-04-30,2024-04-30 00:00:00,Vikram Mehta,Hyderabad,Telangana,2022-11-02,One-Time,Medium
CUST10360,1,39784.75,39784.75,2024-10-22,2024-10-22 00:00:00,Kiran Singh,Nizamabad,Telangana,2021-07-20,One-Time,Medium
CUST10875,10,705905.0700000001,64173.18818181819,2022-02-16,2024-12-14 00:00:00,Rahul Shah,Mangaluru,Karnataka,2021-07-12,Loyal,Premium
CUST10915,5,179450.31,35890.062,2023-03-19,2024-11-20 00:00:00,Rajesh Iyer,Agra,Uttar Pradesh,2020-10-30,Occasional,High
CUST10929,3,100126.43,33375.47666666666,2022-04-11,2024-05-30 00:00:00,Anjali Chopra,Bhagalpur,Bihar,2019-02-12,Occasional,High
CUST10994,1,46424.26,46424.26,2024-05-04,2024-05-04 00:00:00,Priya Bose,Ambala,Haryana,2021-03-29,One-Time,Medium
CUST11026,2,125631.77,62815.885,2022-12-13,2024-06-11 00:00:00,Vijay Das,Rohini,Delhi,2020-06-11,Occasional,High
CUST11047,3,91575.86,30525.286666666667,2022-08-28,2024-07-10 00:00:00,Kavya Kumar,Bhagalpur,Bihar,2020-05-21,Occasional,High
CUST11166,4,140507.62,35126.905,2022-04-03,2024-02-19 00:00:00,Sanjay Rao,Agra,Uttar Pradesh,2020-03-27,Occasional,High
CUST11285,6,147506.59,24584.431666666667,2022-04-24,2024-10-22 00:00:00,Sunita Malhotra,Mumbai,Maharashtra,2022-05-19,Loyal,High
CUST11442,1,54890.14,54890.14,2024-09-06,2024-09-06 00:00:00,Suresh Joshi,Patna,Bihar,2021-10-22,One-Time,High
CUST11554,1,96026.39,96026.39,2024-10-15,2024-10-15 00:00:00,Vikram Rao,Patiala,Punjab,2022-10-03,One-Time,High
CUST11631,1,57115.5,57115.5,2024-02-08,2024-02-08 00:00:00,Aditi Tiwari,Nagpur,Maharashtra,2021-11-04,One-Time,High
CUST11641,2,64665.61,32332.805,2022-12-24,2023-08-19 00:00:00,Pooja Chopra,Bathinda,Punjab,2019-09-24,Occasional,High
CUST11677,1,13975.85,13975.85,2024-10-04,2024-10-04 00:00:00,Manish Tiwari,Bhopal,Madhya Pradesh,2021-11-01,One-Time,Medium
CUST11706,2,130327.54000000001,65163.770000000004,2022-06-09,2024-12-14 00:00:00,Sneha Chopra,Mysuru,Karnataka,2022-01-08,Occasional,High
CUST11846,1,3257.96,3257.96,2024-10-31,2024-10-31 00:00:00,Rahul Patel,Patna,Bihar,2019-08-20,One-Time,Low
CUST11897,3,149057.99,49685.996666666666,2023-07-30,2024-11-17 00:00:00,Ravi Saxena,Vadodara,Gujarat,2022-11-26,Occasional,High
CUST12141,1,61984.42,61984.42,2022-05-31,2022-05-31 00:00:00,Rahul Pillai,Tiruchirappalli,Tamil Nadu,2020-02-24,One-Time,High
CUST12155,2,88070.99,44035.495,2023-07-24,2024-11-25 00:00:00,Rahul Kumar,Lucknow,Uttar Pradesh,2022-11-09,Occasional,High
CUST12169,6,180532.11,30088.684999999998,2022-01-23,2024-01-09 00:00:00,Lakshmi Pillai,Bathinda,Punjab,2019-11-20,Loyal,High
CUST12195,1,67415.85,67415.85,2024-04-14,2024-04-14 00:00:00,Vikram Joshi,Lucknow,Uttar Pradesh,2020-04-21,One-Time,High
CUST12257,1,51423.06,51423.06,2022-01-05,2022-01-05 00:00:00,Sneha Agarwal,Vadodara,Gujarat,2019-07-17,One-Time,High
CUST12304,1,0.0,0.0,2022-03-14,2022-03-14 00:00:00,Suresh Singh,Tiruchirappalli,Tamil Nadu,2020-03-04,One-Time,Low
CUST12478,1,175.88,175.88,2022-12-08,2022-12-08 00:00:00,Divya Sharma,Berhampur,Odisha,2019-06-10,One-Time,Low
CUST12508,19,492930.02999999997,25943.685789473682,2022-03-11,2024-11-04 00:00:00,Aisha Gupta,Khammam,Telangana,2019-11-20,Loyal,Premium
CUST12589,2,37852.14,18926.07,2022-01-18,2022-09-20 00:00:00,Pooja Shah,Chennai,Tamil Nadu,2019-01-16,Occasional,Medium
CUST12591,1,80230.92,80230.92,2024-09-26,2024-09-26 00:00:00,Vikram Saxena,Saket,Delhi,2021-02-23,One-Time,High
CUST12596,1,90587.6,90587.6,2024-04-20,2024-04-20 00:00:00,Aditi Malhotra,Hisar,Haryana,2022-07-18,One-Time,High
CUST12725,1,21353.1,21353.1,2022-08-12,2022-08-12 00:00:00,Lakshmi Chopra,Saket,Delhi,2022-09-23,One-Time,Medium
CUST13053,1,19712.48,19712.48,2023-07-04,2023-07-04 00:00:00,Rajesh Rao,Bhagalpur,Bihar,2022-09-09,One-Time,Medium
CUST13192,1,62882.31,62882.31,2023-01-25,2023-01-25 00:00:00,Pooja Das,Rourkela,Odisha,2022-11-22,One-Time,High
CUST13212,1,1519.97,1519.97,2024-12-20,2024-12-20 00:00:00,Lakshmi Reddy,Darbhanga,Bihar,2020-10-05,One-Time,Low
CUST13344,1,18120.11,18120.11,2022-10-19,2022-10-19 00:00:00,Aarav Malhotra,Janakpuri,Delhi,2019-04-28,One-Time,Medium
CUST13389,6,234561.24,39093.54,2022-02-10,2024-08-19 00:00:00,Riya Reddy,Mysuru,Karnataka,2022-01-14,Loyal,Premium
CUST13420,7,267633.95,38233.42142857143,2022-03-13,2024-03-30 00:00:00,Tarun Rao,Salem,Tamil Nadu,2019-09-16,Loyal,Premium
CUST13452,1,30085.68,30085.68,2022-12-31,2022-12-31 00:00:00,Tanvi Patel,Durgapur,West Bengal,2019-10-11,One-Time,Medium
CUST13586,8,185269.95,23158.74375,2022-10-29,2024-11-09 00:00:00,Deepak Patel,Mangaluru,Karnataka,2022-09-24,Loyal,High
CUST13720,1,34567.54,34567.54,2023-01-24,2023-01-24 00:00:00,Aarav Mehta,Chennai,Tamil Nadu,2021-10-01,One-Time,Medium
CUST13843,1,73357.25,73357.25,2024-10-08,2024-10-08 00:00:00,Ananya Mishra,Varanasi,Uttar Pradesh,2020-07-21,One-Time,High
CUST13990,1,87335.58,87335.58,2024-04-30,2024-04-30 00:00:00,Divya Joshi,Jalandhar,Punjab,2020-12-03,One-Time,High
CUST14143,1,58718.81,58718.81,2023-01-18,2023-01-18 00:00:00,Ravi Patel,Darbhanga,Bihar,2020-01-23,One-Time,High
CUST14217,1,10035.28,10035.28,2022-11-03,2022-11-03 00:00:00,Priya Mishra,Kanpur,Uttar Pradesh,2019-03-05,One-Time,Medium
CUST14287,1,24922.73,24922.73,2023-09-12,2023-09-12 00:00:00,Ananya Sharma,Khammam,Telangana,2019-01-09,One-Time,Medium
CUST14350,4,282569.91000000003,70642.47750000001,2022-08-16,2024-06-04 00:00:00,Aarav Kumar,Khammam,Telangana,2022-03-24,Occasional,Premium
CUST14737,1,15391.36,15391.36,2024-06-14,2024-06-14 00:00:00,Rahul Pandey,Siliguri,West Bengal,2019-09-08,One-Time,Medium
CUST14741,16,916377.24,57273.5775,2022-09-07,2024-11-18 00:00:00,Pankaj Gupta,New Delhi,Delhi,2021-08-06,Loyal,Premium
CUST14817,6,160630.55,26771.75833333333,2022-04-03,2024-01-02 00:00:00,Lakshmi Gupta,Varanasi,Uttar Pradesh,2020-06-21,Loyal,High
CUST14879,4,145658.47,36414.6175,2024-04-20,2024-11-24 00:00:00,Anjali Naidu,Salem,Tamil Nadu,2019-08-12,Occasional,High
CUST14978,19,681205.03,35852.896315789476,2022-04-03,2024-12-06 00:00:00,Meera Malhotra,Nashik,Maharashtra,2022-04-02,Loyal,Premium
CUST15012,7,365671.96,52238.851428571434,2022-04-29,2024-09-18 00:00:00,Aarav Nair,Warangal,Telangana,2021-09-12,Loyal,Premium
CUST15062,3,35533.21,11844.403333333334,2024-03-19,2024-07-11 00:00:00,Suresh Gupta,Salem,Tamil Nadu,2020-10-07,Occasional,Medium
CUST15150,7,718598.27,102656.89571428571,2022-05-16,2023-12-18 00:00:00,Rajesh Das,Bengaluru,Karnataka,2022-02-19,Loyal,Premium
CUST15162,6,186549.08000000002,31091.513333333336,2022-02-17,2024-03-22 00:00:00,Yasmin Bose,Amritsar,Punjab,2021-10-25,Loyal,High
CUST15168,1,15695.91,15695.91,2023-12-28,2023-12-28 00:00:00,Ishaan Mishra,Kolkata,West Bengal,2020-08-03,One-Time,Medium
CUST15193,2,20308.4,10154.2,2023-11-04,2024-12-21 00:00:00,Yasmin Agarwal,Indore,Madhya Pradesh,2021-12-06,Occasional,Medium
CUST15197,1,28533.72,28533.72,2024-05-08,2024-05-08 00:00:00,Anjali Chopra,Kanpur,Uttar Pradesh,2020-11-12,One-Time,Medium
CUST15423,1,1230.34,1230.34,2022-02-21,2022-02-21 00:00:00,Suresh Mishra,Vadodara,Gujarat,2019-02-05,One-Time,Low
CUST15470,6,160153.96,26692.326666666664,2022-01-06,2024-06-02 00:00:00,Rohit Das,Faridabad,Haryana,2020-06-26,Loyal,High
CUST15477,1,128852.5,128852.5,2022-04-15,2022-04-15 00:00:00,Yasmin Singh,Panipat,Haryana,2022-05-09,One-Time,High
CUST15579,13,300454.11,23111.854615384615,2022-09-29,2024-07-13 00:00:00,Rahul Pillai,Darbhanga,Bihar,2019-04-23,Loyal,Premium
CUST15691,6,223740.12,37290.02,2022-12-13,2024-08-27 00:00:00,Gaurav Tiwari,Muzaffarpur,Bihar,2019-04-29,Loyal,Premium
CUST15694,1,117183.83,117183.83,2024-10-10,2024-10-10 00:00:00,Aarav Malhotra,Siliguri,West Bengal,2020-12-10,One-Time,High
CUST15748,1,19024.83,19024.83,2023-04-28,2023-04-28 00:00:00,Deepak Singh,Sambalpur,Odisha,2019-11-13,One-Time,Medium
CUST15922,1,287530.86,143765.43,2024-04-02,2024-04-02 00:01:02,Omkar Bose,Jalandhar,Punjab,2019-11-03,One-Time,Premium
CUST15995,20,773882.45,38694.1225,2022-04-09,2024-11-13 00:00:00,Tarun Sharma,Warangal,Telangana,2021-10-14,Loyal,Premium
CUST16045,3,43649.770000000004,14549.923333333334,2023-07-03,2024-11-06 00:00:00,Gaurav Sharma,Janakpuri,Delhi,2022-10-27,Occasional,Medium
CUST16138,1,16395.6,16395.6,2024-11-08,2024-11-08 00:00:00,Arjun Joshi,Sambalpur,Odisha,2022-10-07,One-Time,Medium
CUST16302,1,59247.83,59247.83,2022-02-13,2022-02-13 00:00:00,Arjun Singh,Warangal,Telangana,2021-01-29,One-Time,High
CUST16359,8,169309.55,21163.69375,2022-10-04,2024-11-06 00:00:00,Mohan Malhotra,Sambalpur,Odisha,2022-11-05,Loyal,High
CUST16388,5,63390.49,12678.098,2022-10-28,2024-10-02 00:00:00,Anjali Kumar,Janakpuri,Delhi,2019-09-10,Occasional,High
CUST16439,2,47854.71,23927.355,2023-03-08,2024-12-05 00:00:00,Deepak Shah,Kota,Rajasthan,2021-05-02,Occasional,Medium
CUST16487,1,22841.04,22841.04,2022-04-23,2022-04-23 00:00:00,Omkar Malhotra,Amritsar,Punjab,2019-09-18,One-Time,Medium
CUST16568,1,5881.88,5881.88,2023-06-22,2023-06-22 00:00:00,Zara Mishra,Gandhinagar,Gujarat,2019-04-16,One-Time,Low
CUST16632,17,712956.97,41938.64529411765,2022-02-14,2024-10-06 00:00:00,Aditi Mehta,Bathinda,Punjab,2021-07-26,Loyal,Premium
CUST16650,2,13330.6,6665.3,2023-11-24,2024-05-30 00:00:00,Sunita Nair,Bathinda,Punjab,2021-01-12,Occasional,Medium
CUST16651,1,45903.31,45903.31,2024-06-24,2024-06-24 00:00:00,Rajesh Saxena,Mumbai,Maharashtra,2019-01-12,One-Time,Medium
CUST16653,1,41725.28,41725.28,2022-08-17,2022-08-17 00:00:00,Sneha Rao,Jabalpur,Madhya Pradesh,2022-08-11,One-Time,Medium
CUST16762,3,99913.18,33304.39333333333,2022-03-01,2024-01-31 00:00:00,Gaurav Chopra,Nashik,Maharashtra,2019-12-07,Occasional,High
CUST16837,14,712777.62,47518.508,2022-08-15,2024-12-01 00:00:00,Riya Saxena,Surat,Gujarat,2021-09-11,Loyal,Premium
CUST16948,1,0.0,0.0,2024-09-28,2024-09-28 00:00:00,Manish Malhotra,Hubli,Karnataka,2019-08-20,One-Time,Low
CUST17060,1,38489.44,38489.44,2023-03-19,2023-03-19 00:00:00,Mohan Shah,Bhopal,Madhya Pradesh,2019-08-02,One-Time,Medium
CUST17182,3,154754.95,51584.98333333334,2023-11-26,2024-06-07 00:00:00,Vijay Pillai,Bathinda,Punjab,2022-08-01,Occasional,High
CUST17197,1,19150.6,19150.6,2024-02-17,2024-02-17 00:00:00,Aditi Iyer,Surat,Gujarat,2021-09-07,One-Time,Medium
CUST17205,1,22877.96,22877.96,2022-07-03,2022-07-03 00:00:00,Gaurav Malhotra,Coimbatore,Tamil Nadu,2020-05-06,One-Time,Medium
CUST17299,1,30893.5,30893.5,2024-12-16,2024-12-16 00:00:00,Rohit Kumar,Bengaluru,Karnataka,2022-11-08,One-Time,Medium
CUST17382,3,95245.20000000001,31748.400000000005,2022-01-20,2024-01-06 00:00:00,Rajesh Naidu,New Delhi,Delhi,2022-11-26,Occasional,High
CUST17441,1,0.0,0.0,2023-10-31,2023-10-31 00:00:00,Pankaj Bose,Ahmedabad,Gujarat,2022-07-08,One-Time,Low
CUST17464,6,199082.42,33180.403333333335,2022-02-09,2024-10-13 00:00:00,Deepak Naidu,Bhagalpur,Bihar,2020-02-25,Loyal,High
CUST17467,2,14670.39,7335.195,2023-01-24,2024-04-11 00:00:00,Sneha Saxena,Faridabad,Haryana,2021-11-14,Occasional,Medium
CUST17692,21,917377.79,43684.65666666667,2022-02-20,2024-10-12 00:00:00,Sanjay Singh,Jalandhar,Punjab,2019-10-09,Loyal,Premium
CUST17850,1,14220.28,14220.28,2023-05-09,2023-05-09 00:00:00,Anjali Joshi,Jabalpur,Madhya Pradesh,2022-04-20,One-Time,Medium
CUST18082,2,80134.45,40067.225,2022-06-11,2023-12-05 00:00:00,Aditi Mishra,Panipat,Haryana,2019-01-03,Occasional,High
CUST18122,6,171150.97,28525.161666666667,2022-10-21,2024-12-25 00:00:00,Kavya Patel,Dwarka,Delhi,2020-08-23,Loyal,High
CUST18230,2,178980.34,89490.17,2023-03-21,2024-02-01 00:00:00,Pooja Shah,Kochi,Kerala,2019-04-05,Occasional,High
CUST18292,2,192077.74,96038.87,2023-06-01,2023-06-10 00:00:00,Kiran Shah,Tiruchirappalli,Tamil Nadu,2019-06-14,Occasional,High
CUST18381,1,14988.0,14988.0,2022-04-16,2022-04-16 00:00:00,Tanvi Patel,Bhubaneswar,Odisha,2020-01-27,One-Time,Medium
CUST18550,8,368817.19,46102.14875,2022-01-05,2024-09-28 00:00:00,Kiran Rao,Thrissur,Kerala,2019-12-02,Loyal,Premium
CUST18651,1,47362.84,47362.84,2022-07-20,2022-07-20 00:00:00,Kavya Patel,Kota,Rajasthan,2022-08-17,One-Time,Medium
CUST18929,18,605879.4,33659.96666666667,2022-02-07,2024-12-09 00:00:00,Ishaan Pillai,Gaya,Bihar,2022-01-21,Loyal,Premium
CUST19088,1,41578.75,41578.75,2024-05-18,2024-05-18 00:00:00,Meera Pandey,Varanasi,Uttar Pradesh,2022-02-02,One-Time,Medium
CUST19089,15,530138.1799999999,35342.54533333333,2022-03-04,2024-11-29 00:00:00,Aarav Iyer,Ambala,Haryana,2021-04-06,Loyal,Premium
CUST19096,1,0.0,0.0,2024-05-06,2024-05-06 00:00:00,Aisha Singh,Jabalpur,Madhya Pradesh,2020-10-01,One-Time,Low
CUST19289,9,401949.79,44661.08777777778,2022-04-30,2024-10-18 00:00:00,Deepak Singh,Ghaziabad,Uttar Pradesh,2021-12-06,Loyal,Premium
CUST19297,1,30471.36,30471.36,2023-08-01,2023-08-01 00:00:00,Meera Pandey,New Delhi,Delhi,2021-11-30,One-Time,Medium
CUST19554,1,0.0,0.0,2024-11-22,2024-11-22 00:00:00,Nikhil Das,Mysuru,Karnataka,2019-04-20,One-Time,Low
CUST19563,1,38301.49,38301.49,2023-11-25,2023-11-25 00:00:00,Aisha Pillai,Hisar,Haryana,2022-03-23,One-Time,Medium
CUST19594,4,171653.59999999998,42913.399999999994,2022-01-27,2023-10-14 00:00:00,Tarun Malhotra,Bhopal,Madhya Pradesh,2021-08-07,Occasional,High
CUST19700,1,94821.19,94821.19,2024-07-14,2024-07-14 00:00:00,Arjun Pandey,Ahmedabad,Gujarat,2020-01-04,One-Time,High
CUST19727,1,7219.06,7219.06,2023-03-18,2023-03-18 00:00:00,Rahul Sharma,Jalandhar,Punjab,2021-02-22,One-Time,Low
CUST19741,1,18981.64,18981.64,2024-09-15,2024-09-15 00:00:00,Kiran Iyer,Kollam,Kerala,2021-09-17,One-Time,Medium
CUST19752,1,15607.74,15607.74,2023-02-11,2023-02-11 00:00:00,Omkar Patel,Siliguri,West Bengal,2020-07-03,One-Time,Medium
CUST19823,1,1151.98,1151.98,2024-03-15,2024-03-15 00:00:00,Mohan Saxena,Karimnagar,Telangana,2019-06-04,One-Time,Low
CUST19891,2,23809.07,11904.535,2022-06-07,2023-10-28 00:00:00,Meera Shah,Jabalpur,Madhya Pradesh,2020-05-05,Occasional,Medium
CUST20089,1,26527.9,26527.9,2022-04-22,2022-04-22 00:00:00,Vikram Patel,Bengaluru,Karnataka,2022-05-26,One-Time,Medium
CUST20261,1,12219.43,12219.43,2024-08-02,2024-08-02 00:00:00,Pankaj Reddy,Bhopal,Madhya Pradesh,2019-05-05,One-Time,Medium
CUST20288,8,311007.29000000004,38875.911250000005,2022-06-01,2024-08-10 00:00:00,Meera Chopra,Bengaluru,Karnataka,2022-10-01,Loyal,Premium
CUST20320,7,380147.15,54306.735714285714,2022-03-22,2024-06-29 00:00:00,Amit Naidu,Hubli,Karnataka,2022-04-23,Loyal,Premium
CUST20344,1,51865.01,51865.01,2022-07-28,2022-07-28 00:00:00,Aarav Reddy,Nizamabad,Telangana,2021-09-03,One-Time,High
CUST20382,1,24988.03,24988.03,2023-02-23,2023-02-23 00:00:00,Deepak Agarwal,Surat,Gujarat,2019-02-13,One-Time,Medium
CUST20425,1,23388.3,23388.3,2024-06-30,2024-06-30 00:00:00,Arjun Kumar,Bhubaneswar,Odisha,2021-08-08,One-Time,Medium
CUST20453,1,32288.15,32288.15,2024-02-25,2024-02-25 00:00:00,Mohan Chopra,Ujjain,Madhya Pradesh,2022-06-15,One-Time,Medium
CUST20470,1,4540.49,4540.49,2023-03-03,2023-03-03 00:00:00,Rohit Reddy,Bhagalpur,Bihar,2019-04-03,One-Time,Low
CUST20677,3,137323.16999999998,45774.38999999999,2023-07-09,2024-05-22 00:00:00,Nisha Verma,Ujjain,Madhya Pradesh,2021-09-15,Occasional,High
CUST20696,1,19672.49,19672.49,2022-10-01,2022-10-01 00:00:00,Rohit Shah,Bengaluru,Karnataka,2022-11-22,One-Time,Medium
CUST20760,15,687179.89,45811.992666666665,2022-01-04,2024-12-26 00:00:00,Ravi Nair,Rohini,Delhi,2019-03-08,Loyal,Premium
CUST20789,1,43633.02,43633.02,2022-06-03,2022-06-03 00:00:00,Ishaan Reddy,Kozhikode,Kerala,2020-02-08,One-Time,Medium
CUST20917,1,121079.81,121079.81,2022-08-05,2022-08-05 00:00:00,Rohit Kumar,Varanasi,Uttar Pradesh,2020-05-25,One-Time,High
CUST20944,1,70161.64,70161.64,2022-11-15,2022-11-15 00:00:00,Suresh Rao,Panipat,Haryana,2022-09-16,One-Time,High
CUST20998,1,18055.13,18055.13,2024-08-03,2024-08-03 00:00:00,Riya Malhotra,Janakpuri,Delhi,2019-08-21,One-Time,Medium
CUST21016,2,43309.74,21654.87,2022-04-07,2024-07-06 00:00:00,Lakshmi Chopra,Rourkela,Odisha,2020-07-27,Occasional,Medium
CUST21039,2,13173.59,6586.795,2022-12-10,2023-04-06 00:00:00,Tanvi Malhotra,Ajmer,Rajasthan,2021-07-15,Occasional,Medium
CUST21055,1,11143.1,11143.1,2022-07-23,2022-07-23 00:00:00,Tanvi Agarwal,Agra,Uttar Pradesh,2022-03-05,One-Time,Medium
CUST21121,2,80442.03,40221.015,2022-10-04,2023-07-24 00:00:00,Manish Mehta,Kolkata,West Bengal,2022-04-16,Occasional,High
CUST21178,1,10733.91,10733.91,2022-04-22,2022-04-22 00:00:00,Aditi Pandey,Surat,Gujarat,2022-06-06,One-Time,Medium
CUST21323,1,10516.96,10516.96,2024-11-30,2024-11-30 00:00:00,Kiran Mehta,Faridabad,Haryana,2020-12-01,One-Time,Medium
CUST21383,7,163173.55,23310.507142857143,2022-03-14,2024-09-14 00:00:00,Nikhil Mehta,Pune,Maharashtra,2019-11-07,Loyal,High
CUST21392,10,389609.03,38960.903000000006,2022-06-25,2024-12-28 00:00:00,Amit Nair,Patna,Bihar,2022-11-11,Loyal,Premium
CUST21395,1,46238.21,46238.21,2024-10-01,2024-10-01 00:00:00,Sunita Kumar,Salem,Tamil Nadu,2022-11-04,One-Time,Medium
CUST21442,2,77187.01,38593.505,2022-11-03,2024-07-11 00:00:00,Aarav Chopra,Ajmer,Rajasthan,2020-08-17,Occasional,High
CUST21456,3,144009.66,48003.22,2022-01-16,2023-11-04 00:00:00,Vikram Gupta,Madurai,Tamil Nadu,2021-04-20,Occasional,High
CUST21488,1,17731.63,17731.63,2022-11-02,2022-11-02 00:00:00,Sanjay Kumar,Indore,Madhya Pradesh,2020-08-14,One-Time,Medium
CUST21575,7,264063.87,37723.409999999996,2022-02-06,2024-08-05 00:00:00,Suresh Kumar,Warangal,Telangana,2021-10-15,Loyal,Premium
CUST21824,1,28279.93,28279.93,2023-09-01,2023-09-01 00:00:00,Varun Mehta,Bhopal,Madhya Pradesh,2019-11-22,One-Time,Medium
CUST22144,2,76411.69,38205.845,2023-05-20,2024-09-11 00:00:00,Arjun Verma,Coimbatore,Tamil Nadu,2019-05-12,Occasional,High
CUST22170,1,38822.07,38822.07,2023-12-30,2023-12-30 00:00:00,Rohit Nair,Kota,Rajasthan,2019-02-27,One-Time,Medium
CUST22180,1,13755.96,13755.96,2022-07-13,2022-07-13 00:00:00,Ananya Tiwari,Jodhpur,Rajasthan,2019-03-30,One-Time,Medium
CUST22256,1,8567.19,8567.19,2024-08-20,2024-08-20 00:00:00,Kavya Verma,Gaya,Bihar,2020-05-08,One-Time,Low
CUST22281,1,20312.96,20312.96,2023-07-12,2023-07-12 00:00:00,Varun Naidu,Madurai,Tamil Nadu,2020-10-21,One-Time,Medium
CUST22313,1,8287.8,8287.8,2023-04-12,2023-04-12 00:00:00,Riya Gupta,Varanasi,Uttar Pradesh,2019-01-16,One-Time,Low
CUST22371,1,83839.75,83839.75,2023-09-08,2023-09-08 00:00:00,Arjun Sharma,Salem,Tamil Nadu,2020-03-24,One-Time,High
CUST22569,4,164408.37,41102.0925,2022-03-18,2024-05-25 00:00:00,Mohan Tiwari,Coimbatore,Tamil Nadu,2021-06-21,Occasional,High
CUST22753,3,119112.92,39704.306666666664,2023-01-06,2023-12-30 00:00:00,Aditi Reddy,Nagpur,Maharashtra,2021-11-25,Occasional,High
CUST22773,3,203651.2,67883.73333333334,2022-04-06,2024-04-22 00:00:00,Nisha Mishra,Indore,Madhya Pradesh,2022-03-21,Occasional,Premium
CUST22869,7,403929.78,57704.25428571429,2022-04-26,2024-12-18 00:00:00,Sunita Rao,Kolkata,West Bengal,2019-01-13,Loyal,Premium
CUST22896,4,148867.16999999998,37216.792499999996,2022-03-04,2024-11-29 00:00:00,Aarav Verma,Jodhpur,Rajasthan,2022-04-05,Occasional,High
CUST22963,1,27855.01,27855.01,2024-01-07,2024-01-07 00:00:00,Omkar Agarwal,Berhampur,Odisha,2020-09-03,One-Time,Medium
CUST23115,1,52225.92,52225.92,2023-12-10,2023-12-10 00:00:00,Priya Pandey,Sambalpur,Odisha,2021-01-28,One-Time,High
CUST23169,1,5782.07,5782.07,2022-11-12,2022-11-12 00:00:00,Riya Singh,Khammam,Telangana,2022-07-23,One-Time,Low
CUST23179,2,62453.159999999996,31226.579999999998,2023-03-20,2024-06-29 00:00:00,Rajesh Malhotra,Amritsar,Punjab,2019-11-20,Occasional,High
CUST23221,11,286071.14,26006.467272727274,2022-01-22,2024-12-13 00:00:00,Gaurav Gupta,Cuttack,Odisha,2022-09-03,Loyal,Premium
CUST23334,6,351562.58,58593.763333333336,2022-03-05,2024-09-21 00:00:00,Yasmin Joshi,Bhagalpur,Bihar,2020-07-03,Loyal,Premium
CUST23385,2,60402.38,30201.19,2022-03-22,2022-11-14 00:00:00,Aditi Mehta,Thrissur,Kerala,2022-06-06,Occasional,High
CUST23439,1,21984.64,21984.64,2023-08-30,2023-08-30 00:00:00,Vijay Shah,Mysuru,Karnataka,2022-03-05,One-Time,Medium
CUST23479,3,50484.72,16828.24,2023-04-02,2024-05-01 00:00:00,Sunita Verma,Rohini,Delhi,2020-08-24,Occasional,High
CUST23492,1,89706.95,89706.95,2023-08-31,2023-08-31 00:00:00,Ishaan Naidu,Tiruchirappalli,Tamil Nadu,2022-07-18,One-Time,High
CUST23503,1,51794.61,51794.61,2023-06-15,2023-06-15 00:00:00,Lakshmi Patel,Kota,Rajasthan,2022-10-01,One-Time,High
CUST23528,2,69407.83,34703.915,2023-06-27,2023-07-25 00:00:00,Aditi Mishra,Saket,Delhi,2021-12-12,Occasional,High
CUST23537,1,33770.76,33770.76,2024-01-02,2024-01-02 00:00:00,Mohan Shah,Hubli,Karnataka,2019-10-05,One-Time,Medium
CUST23564,6,260997.7,43499.61666666667,2022-12-25,2024-11-19 00:00:00,Varun Saxena,Darbhanga,Bihar,2021-04-13,Loyal,Premium
CUST23675,2,18880.6,9440.3,2022-09-12,2024-06-16 00:00:00,Neha Singh,Jodhpur,Rajasthan,2022-09-17,Occasional,Medium
CUST23759,2,32492.75,16246.375,2022-02-18,2023-06-14 00:00:00,Rohit Pandey,Jabalpur,Madhya Pradesh,2021-08-10,Occasional,Medium
CUST23782,1,12276.49,12276.49,2023-06-27,2023-06-27 00:00:00,Aditi Singh,Sambalpur,Odisha,2022-11-20,One-Time,Medium
CUST23807,14,526366.14,37597.58142857143,2022-01-20,2024-12-10 00:00:00,Gaurav Patel,Gurugram,Haryana,2020-06-27,Loyal,Premium
CUST23847,1,48387.8,48387.8,2024-03-22,2024-03-22 00:00:00,Rahul Mehta,Sambalpur,Odisha,2022-09-18,One-Time,Medium
CUST23852,3,167024.01,41756.0025,2022-12-06,2024-06-30 00:00:00,Amit Kumar,Jaipur,Rajasthan,2021-10-15,Occasional,High
CUST23863,1,20320.36,20320.36,2023-12-22,2023-12-22 00:00:00,Meera Gupta,Pune,Maharashtra,2022-06-10,One-Time,Medium
CUST23982,1,38755.78,38755.78,2024-11-16,2024-11-16 00:00:00,Priya Shah,Pune,Maharashtra,2021-01-20,One-Time,Medium
CUST24034,2,27850.21,13925.105,2023-06-03,2023-10-26 00:00:00,Ravi Mishra,Patna,Bihar,2021-01-21,Occasional,Medium
CUST24045,1,18455.7,18455.7,2022-09-20,2022-09-20 00:00:00,Lakshmi Tiwari,Karimnagar,Telangana,2020-05-06,One-Time,Medium
CUST24138,1,1573.02,1573.02,2024-10-12,2024-10-12 00:00:00,Kiran Bose,Jaipur,Rajasthan,2021-12-04,One-Time,Low
CUST24214,1,62811.18,62811.18,2023-10-12,2023-10-12 00:00:00,Vikram Naidu,Rajkot,Gujarat,2019-04-15,One-Time,High
CUST24357,1,16206.34,16206.34,2022-06-17,2022-06-17 00:00:00,Lakshmi Pillai,Nashik,Maharashtra,2020-03-21,One-Time,Medium
CUST24409,1,35537.94,35537.94,2023-12-17,2023-12-17 00:00:00,Vikram Patel,Ujjain,Madhya Pradesh,2020-05-18,One-Time,Medium
CUST24523,1,3453.62,3453.62,2024-10-02,2024-10-02 00:00:00,Sunita Pillai,Asansol,West Bengal,2021-08-22,One-Time,Low
CUST24601,4,105071.73,26267.9325,2022-08-23,2024-08-13 00:00:00,Pooja Saxena,Pune,Maharashtra,2020-12-07,Occasional,High
CUST24688,2,66137.1,33068.55,2023-06-15,2024-01-08 00:00:00,Ravi Saxena,Ahmedabad,Gujarat,2019-12-06,Occasional,High
CUST24728,1,26094.98,26094.98,2023-04-04,2023-04-04 00:00:00,Manish Rao,Surat,Gujarat,2019-06-11,One-Time,Medium
CUST25002,7,317832.16,45404.59428571428,2022-05-17,2024-11-30 00:00:00,Kiran Verma,Bhubaneswar,Odisha,2022-11-16,Loyal,Premium
CUST25047,2,98306.75,49153.375,2023-05-07,2023-12-03 00:00:00,Ananya Nair,Muzaffarpur,Bihar,2022-02-21,Occasional,High
CUST25078,1,22537.77,22537.77,2024-11-03,2024-11-03 00:00:00,Manish Singh,Chennai,Tamil Nadu,2021-02-18,One-Time,Medium
CUST25085,12,248155.54,20679.628333333334,2022-02-25,2024-09-18 00:00:00,Anjali Singh,Jabalpur,Madhya Pradesh,2020-05-20,Loyal,Premium
CUST25473,1,22115.57,22115.57,2022-10-19,2022-10-19 00:00:00,Amit Patel,Nizamabad,Telangana,2020-09-13,One-Time,Medium
CUST25551,1,74812.77,74812.77,2022-02-14,2022-02-14 00:00:00,Yasmin Rao,Saket,Delhi,2020-05-02,One-Time,High
CUST25624,1,54815.1,54815.1,2023-01-06,2023-01-06 00:00:00,Pankaj Singh,Ambala,Haryana,2022-11-19,One-Time,High
CUST25643,3,123240.6,41080.200000000004,2022-11-13,2024-10-24 00:00:00,Omkar Mishra,Hubli,Karnataka,2019-04-29,Occasional,High
CUST25729,1,59958.99,59958.99,2024-09-20,2024-09-20 00:00:00,Lakshmi Tiwari,Indore,Madhya Pradesh,2019-01-07,One-Time,High
CUST25804,1,2439.84,2439.84,2024-07-14,2024-07-14 00:00:00,Omkar Verma,Janakpuri,Delhi,2021-11-15,One-Time,Low
CUST25817,1,11777.57,11777.57,2024-04-19,2024-04-19 00:00:00,Pooja Shah,Aurangabad,Maharashtra,2022-06-13,One-Time,Medium
CUST25967,9,286304.66,31811.628888888885,2022-02-14,2024-10-22 00:00:00,Tarun Reddy,Rourkela,Odisha,2022-09-15,Loyal,Premium
CUST26005,1,53422.83,53422.83,2022-09-21,2022-09-21 00:00:00,Pooja Malhotra,Mumbai,Maharashtra,2019-01-25,One-Time,High
CUST26160,1,30038.34,30038.34,2022-07-15,2022-07-15 00:00:00,Aarav Sharma,Thrissur,Kerala,2021-08-04,One-Time,Medium
CUST26195,11,490567.4,44597.03636363637,2022-05-01,2024-10-26 00:00:00,Yasmin Saxena,Patiala,Punjab,2022-08-03,Loyal,Premium
CUST26203,3,109992.3,36664.1,2022-02-08,2023-01-23 00:00:00,Divya Agarwal,Ujjain,Madhya Pradesh,2022-06-13,Occasional,High
CUST26323,11,329910.85,29991.89545454545,2022-04-21,2024-12-02 00:00:00,Omkar Sharma,Kolkata,West Bengal,2019-01-16,Loyal,Premium
CUST26494,3,106043.85,35347.950000000004,2022-03-12,2023-03-03 00:00:00,Meera Pandey,Kota,Rajasthan,2022-06-16,Occasional,High
CUST26578,3,197759.43,65919.81,2022-04-19,2023-09-25 00:00:00,Mohan Iyer,Kochi,Kerala,2019-07-21,Occasional,High
CUST26684,1,14569.02,14569.02,2024-08-13,2024-08-13 00:00:00,Ravi Chopra,Nashik,Maharashtra,2019-07-23,One-Time,Medium
CUST26701,1,1302.02,1302.02,2024-09-18,2024-09-18 00:00:00,Ishaan Iyer,Kozhikode,Kerala,2022-05-28,One-Time,Low
CUST26729,12,281480.52,23456.710000000003,2022-01-30,2024-10-10 00:00:00,Kiran Naidu,Chennai,Tamil Nadu,2020-11-08,Loyal,Premium
CUST26799,1,59883.44,59883.44,2023-07-31,2023-07-31 00:00:00,Sanjay Mehta,Mangaluru,Karnataka,2021-12-24,One-Time,High
CUST26833,4,110290.2,27572.55,2022-11-14,2024-05-15 00:00:00,Aditi Sharma,Bhagalpur,Bihar,2019-10-12,Occasional,High
CUST26980,1,20455.55,20455.55,2024-03-30,2024-03-30 00:00:00,Ananya Malhotra,Surat,Gujarat,2022-11-09,One-Time,Medium
CUST27010,1,22327.75,22327.75,2024-02-07,2024-02-07 00:00:00,Aditi Saxena,Dwarka,Delhi,2022-01-22,One-Time,Medium
CUST27203,1,12232.27,12232.27,2024-03-20,2024-03-20 00:00:00,Divya Joshi,Asansol,West Bengal,2020-08-23,One-Time,Medium
CUST27217,1,59512.04,59512.04,2024-10-24,2024-10-24 00:00:00,Sunita Tiwari,Jabalpur,Madhya Pradesh,2021-02-04,One-Time,High
CUST27224,1,5492.3,5492.3,2024-03-28,2024-03-28 00:00:00,Sneha Patel,Amritsar,Punjab,2021-01-28,One-Time,Low
CUST27373,1,39614.36,39614.36,2023-03-16,2023-03-16 00:00:00,Manish Kumar,Gurugram,Haryana,2019-02-13,One-Time,Medium
CUST27461,5,71110.85,14222.170000000002,2022-02-10,2024-06-12 00:00:00,Mohan Reddy,Ajmer,Rajasthan,2019-01-16,Occasional,High
CUST27470,1,17473.9,17473.9,2023-11-22,2023-11-22 00:00:00,Sunita Reddy,Rajkot,Gujarat,2019-10-31,One-Time,Medium
CUST27505,1,29147.4,29147.4,2023-09-25,2023-09-25 00:00:00,Aisha Rao,Mangaluru,Karnataka,2020-02-16,One-Time,Medium
CUST27618,1,45646.58,45646.58,2023-10-21,2023-10-21 00:00:00,Omkar Malhotra,Durgapur,West Bengal,2019-07-02,One-Time,Medium
CUST27744,2,47909.14,23954.57,2022-05-25,2023-03-15 00:00:00,Arjun Tiwari,Rourkela,Odisha,2020-06-11,Occasional,Medium
CUST27821,7,147104.58,21014.94,2022-02-17,2023-12-31 00:00:00,Ishaan Kumar,Amritsar,Punjab,2021-08-12,Loyal,High
CUST27823,3,144064.98,48021.66,2023-05-19,2024-11-28 00:00:00,Lakshmi Verma,Nashik,Maharashtra,2021-05-25,Occasional,High
CUST27847,1,21166.04,21166.04,2023-02-14,2023-02-14 00:00:00,Rajesh Singh,Agra,Uttar Pradesh,2021-04-14,One-Time,Medium
CUST27933,1,52345.5,52345.5,2023-01-03,2023-01-03 00:00:00,Ananya Reddy,Berhampur,Odisha,2020-07-22,One-Time,High
CUST27978,1,23766.66,23766.66,2022-03-10,2022-03-10 00:00:00,Yasmin Shah,Nizamabad,Telangana,2020-03-01,One-Time,Medium
CUST28004,5,146249.1,29249.82,2022-03-12,2023-11-26 00:00:00,Pooja Nair,Jalandhar,Punjab,2019-11-15,Occasional,High
CUST28123,1,21185.79,21185.79,2022-02-05,2022-02-05 00:00:00,Aarav Bose,Durgapur,West Bengal,2020-10-21,One-Time,Medium
CUST28260,1,24910.84,24910.84,2023-12-29,2023-12-29 00:00:00,Ananya Malhotra,Ludhiana,Punjab,2021-11-15,One-Time,Medium
CUST28535,1,2909.64,2909.64,2023-05-19,2023-05-19 00:00:00,Tanvi Naidu,Faridabad,Haryana,2019-03-01,One-Time,Low
CUST28550,1,19711.9,19711.9,2024-08-11,2024-08-11 00:00:00,Yasmin Kumar,Nashik,Maharashtra,2020-09-08,One-Time,Medium
CUST28752,1,58155.32,58155.32,2024-03-07,2024-03-07 00:00:00,Nisha Pillai,Durgapur,West Bengal,2021-05-05,One-Time,High
CUST28756,17,861018.22,50648.13058823529,2022-06-06,2024-10-16 00:00:00,Ravi Reddy,Khammam,Telangana,2022-04-16,Loyal,Premium
CUST28772,5,165715.55,33143.11,2022-01-21,2024-04-05 00:00:00,Omkar Naidu,Darbhanga,Bihar,2021-07-30,Occasional,High
CUST28942,1,96156.38,96156.38,2023-04-14,2023-04-14 00:00:00,Ravi Singh,Kollam,Kerala,2021-07-07,One-Time,High
CUST29252,1,109509.44,109509.44,2023-02-02,2023-02-02 00:00:00,Vikram Pillai,Coimbatore,Tamil Nadu,2020-10-11,One-Time,High
CUST29298,1,23457.23,23457.23,2022-09-04,2022-09-04 00:00:00,Pankaj Bose,Mangaluru,Karnataka,2019-05-19,One-Time,Medium
CUST29302,1,0.0,0.0,2024-11-13,2024-11-13 00:00:00,Riya Pillai,Udaipur,Rajasthan,2022-08-18,One-Time,Low
CUST29425,2,59299.97,29649.985,2022-01-04,2024-05-12 00:00:00,Riya Pandey,Ajmer,Rajasthan,2020-09-07,Occasional,High
CUST29507,1,39820.88,39820.88,2022-12-03,2022-12-03 00:00:00,Ravi Kumar,Kota,Rajasthan,2019-09-17,One-Time,Medium
CUST29529,17,611666.61,35980.388823529414,2022-01-03,2024-12-13 00:00:00,Suresh Sharma,Tiruchirappalli,Tamil Nadu,2020-04-14,Loyal,Premium
CUST29659,4,182903.05,45725.7625,2022-04-07,2024-06-08 00:00:00,Arjun Patel,Kanpur,Uttar Pradesh,2021-01-03,Occasional,High
CUST29675,1,89445.72,89445.72,2024-03-27,2024-03-27 00:00:00,Aisha Saxena,Belagavi,Karnataka,2021-05-06,One-Time,High
CUST29789,1,22808.41,22808.41,2022-02-03,2022-02-03 00:00:00,Lakshmi Rao,Jodhpur,Rajasthan,2020-10-07,One-Time,Medium
CUST29878,20,712902.47,35645.1235,2022-03-06,2024-11-27 00:00:00,Aditi Joshi,Sambalpur,Odisha,2020-08-16,Loyal,Premium
CUST29890,5,247044.31,49408.862,2023-02-09,2024-05-29 00:00:00,Mohan Iyer,Agra,Uttar Pradesh,2022-06-04,Occasional,Premium
CUST29937,1,64882.08,64882.08,2022-01-28,2022-01-28 00:00:00,Yasmin Tiwari,Udaipur,Rajasthan,2021-09-27,One-Time,High
CUST29957,1,82659.98,82659.98,2023-10-21,2023-10-21 00:00:00,Suresh Bose,Kochi,Kerala,2022-04-17,One-Time,High
CUST29998,1,85496.57,85496.57,2024-08-09,2024-08-09 00:00:00,Vikram Rao,Ghaziabad,Uttar Pradesh,2020-04-24,One-Time,High
