year,month,product_category,brand,product_name,total_orders,total_quantity_sold,total_revenue,avg_selling_price,total_discount,total_freight,avg_weight
2022,1,Beauty & Personal,Bajaj,Sunscreen Elite,1,4,62073.46,15496.28,0.0,88.34,2975.0
2022,1,Beauty & Personal,OnePlus,Face Wash Elite,1,2,28418.3,14115.89,0.0,186.52,4599.0
2022,1,Beauty & Personal,Tata,Face Wash Pro,1,2,9191.16,4595.58,1621.960000000001,0.0,1291.0
2022,1,Books,Marico,Competitive Exam Book Max,1,2,12405.84,6125.48,0.0,154.88,4700.0
2022,1,Books,W for Woman,Children Book Max,1,8,159725.76,19965.72,28186.880000000005,0.0,223.0
2022,1,Clothing,Unbranded,Kurta Elite,1,3,58641.77,19494.52,0.0,158.21,1076.0
2022,1,Clothing,Wildcraft,Kurta Max,1,1,11109.82,11109.82,584.7299999999996,0.0,4322.0
2022,1,Electronics,Bata,Smart TV Lite,1,1,11648.12,11648.12,2912.029999999999,0.0,208.0
2022,1,Electronics,Godrej,Speaker Plus,1,3,51423.06,17141.02,9074.669999999998,0.0,4815.0
2022,1,Electronics,Havells,Webcam Lite,1,4,61311.92,15327.98,3226.959999999999,0.0,1540.0
2022,1,Electronics,Noise,Tablet Pro,1,8,89206.48,11150.81,9911.840000000011,0.0,1293.0
2022,1,Electronics,Tata,Tablet Standard,1,3,12189.42,4063.14,641.5499999999997,0.0,257.0
2022,1,Grocery & Food,Dabur,Basmati Rice Plus,1,2,17271.55,8575.36,0.0,120.83,624.0
2022,1,Home & Kitchen,FabIndia,Non-stick Pan Standard,1,4,95629.8,23881.54,0.0,103.64,2351.0
2022,1,Home & Kitchen,Marico,Water Bottle Lite,1,1,18063.93,17898.04,0.0,165.89,352.0
2022,1,Home & Kitchen,OnePlus,Bedsheet Pro,1,3,682.37,190.41,0.0,111.14,1624.0
2022,1,Home & Kitchen,Patanjali,Mixer Grinder Max,1,1,19843.29,19663.81,0.0,179.48,4969.0
2022,1,Home & Kitchen,Samsung India,Tiffin Box Plus,1,3,1634.65,502.09,0.0,128.38,4969.0
2022,1,Home & Kitchen,Tata,Non-stick Pan Lite,1,3,55569.92,18490.03,0.0,99.83,3544.0
2022,1,Home & Kitchen,Unbranded,Bedsheet Lite,1,3,1871.24,595.75,0.0,83.99,918.0
2022,1,Home & Kitchen,W for Woman,Mixer Grinder Plus,1,3,13830.9,4546.46,0.0,191.52,1215.0
2022,1,Sports & Fitness,W for Woman,Badminton Racket Pro,1,1,3102.62,3102.62,163.30000000000018,0.0,1233.0
2022,1,Toys & Baby,FabIndia,Remote Car Plus,1,1,25042.78,24968.09,0.0,74.69,2228.0
2022,2,Beauty & Personal,Bajaj,Face Cream Max,1,2,24875.8,12356.03,0.0,163.74,3429.0
2022,2,Beauty & Personal,Patanjali,Body Lotion Lite,1,1,8617.4,8466.38,0.0,151.02,3463.0
2022,2,Beauty & Personal,Tata,Hair Oil Pro,1,4,47866.32,11966.58,11966.559999999998,0.0,4474.0
2022,2,Beauty & Personal,Whirlpool,Compact Lite,1,1,5893.45,5732.81,0.0,160.64,199.0
2022,2,Books,FabIndia,NCERT Guide Lite,1,2,10633.9,5313.78,0.0,6.34,2576.0
2022,2,Books,Samsung India,Cookbook Max,1,4,67809.39,16941.57,0.0,43.11,4929.0
2022,2,Books,Tata,Self Help Book Elite,1,3,965.15,278.77,0.0,128.84,2589.0
2022,2,Books,W for Woman,Cookbook Lite,1,1,14201.66,14201.66,1577.960000000001,0.0,4562.0
2022,2,Clothing,Dabur,Saree Standard,1,4,21990.72,5497.68,3880.7199999999975,0.0,1929.0
2022,2,Clothing,Wildcraft,Kurta Plus,1,3,24600.81,8200.27,1294.7700000000004,0.0,1593.0
2022,2,Electronics,Patanjali,Webcam Lite,1,2,42023.78,20934.02,0.0,155.74,1645.0
2022,2,Electronics,Peter England,Smartphone Standard,1,2,1881.42,940.71,99.01999999999998,0.0,1142.0
2022,2,Grocery & Food,Patanjali,Protein Bar Standard,1,1,22808.41,22703.81,0.0,104.6,2213.0
2022,2,Grocery & Food,W for Woman,Atta Lite,1,2,37166.98,18555.04,0.0,56.9,3412.0
2022,2,Grocery & Food,Whirlpool,Protein Bar Pro,1,4,20267.28,5027.75,0.0,156.28,3670.0
2022,2,Grocery & Food,Wildcraft,Honey Max,1,1,19814.83,19790.18,0.0,24.65,897.0
2022,2,Home & Kitchen,Bajaj,Mixer Grinder Pro,1,4,74229.64,18557.41,13099.36,0.0,336.0
2022,2,Home & Kitchen,Bajaj,Pressure Cooker Lite,1,3,9581.49,3193.83,1064.6099999999997,0.0,2534.0
2022,2,Home & Kitchen,Noise,Pressure Cooker Elite,1,2,40780.68,20319.19,0.0,142.3,2687.0
2022,2,Sports & Fitness,Amul,Cricket Bat Standard,1,2,13090.84,6545.42,3272.7000000000007,0.0,4017.0
2022,2,Sports & Fitness,Amul,Dumbbell Max,1,3,9701.7,3233.9,510.6300000000001,0.0,3342.0
2022,2,Sports & Fitness,OnePlus,Cycling Helmet Standard,1,4,35069.84,8767.46,8767.480000000003,0.0,2824.0
2022,2,Sports & Fitness,Samsung India,Sports Shoes Pro,1,3,48526.65,16175.55,8563.530000000006,0.0,1072.0
2022,2,Toys & Baby,Bata,Stuffed Animal Plus,1,4,22379.24,5594.81,1177.8400000000001,0.0,4632.0
2022,2,Toys & Baby,Patanjali,Lego Set Pro,1,1,19997.54,19993.28,0.0,4.26,3954.0
2022,2,Toys & Baby,Reliance,Lego Set Standard,1,4,19693.48,4923.37,2188.16,0.0,962.0
2022,2,Toys & Baby,W for Woman,Remote Car Max,1,1,20571.91,20571.91,1082.7299999999996,0.0,308.0
2022,3,Beauty & Personal,Amul,Lipstick Pro,1,2,43848.47,21896.6,0.0,55.27,4450.0
2022,3,Beauty & Personal,FabIndia,Hair Oil Max,1,3,11872.01,3905.64,0.0,155.09,4378.0
2022,3,Beauty & Personal,Godrej,Kajal Standard,1,3,10344.54,3448.18,2586.149999999999,0.0,2877.0
2022,3,Beauty & Personal,Havells,Face Cream Pro,1,3,12823.42,4246.51,0.0,83.89,807.0
2022,3,Beauty & Personal,Peter England,Lipstick Standard,1,4,96793.66,24193.83,0.0,18.34,2981.0
2022,3,Books,Amul,Cookbook Elite,1,4,78746.38,19643.62,0.0,171.9,1094.0
2022,3,Books,Bata,Self Help Book Standard,1,4,22647.04,5661.76,2516.3199999999997,0.0,2914.0
2022,3,Books,Tata,Competitive Exam Book Standard,1,4,35062.72,8765.68,3895.8799999999974,0.0,3743.0
2022,3,Books,W for Woman,Children Book Pro,1,2,13398.02,6699.01,3349.5,0.0,1276.0
2022,3,Books,Wildcraft,Cookbook Lite,1,4,63578.56,15852.07,0.0,170.28,4481.0
2022,3,Clothing,Bata,Kurta Plus,1,1,6231.47,6231.47,692.3899999999994,0.0,3627.0
2022,3,Clothing,Bata,Lehenga Standard,1,1,12540.63,12540.63,2213.050000000001,0.0,2083.0
2022,3,Clothing,Boat,Dupatta Lite,1,2,31937.95,15966.41,0.0,5.13,1718.0
2022,3,Electronics,Amul,Earbuds Lite,1,1,11439.88,11285.36,0.0,154.52,1153.0
2022,3,Electronics,Patanjali,Speaker Max,1,1,21013.86,21006.81,0.0,7.05,2784.0
2022,3,Electronics,Samsung India,Smartphone Standard,1,1,21187.23,21187.23,1115.119999999999,0.0,2589.0
2022,3,Grocery & Food,Bata,Atta Plus,1,4,80842.32,20196.5,0.0,56.32,4657.0
2022,3,Grocery & Food,Unbranded,Dal Max,1,1,10113.6,10113.6,532.2999999999993,0.0,4065.0
2022,3,Home & Kitchen,OnePlus,Non-stick Pan Lite,1,1,17653.25,17653.25,929.119999999999,0.0,2533.0
2022,3,Home & Kitchen,Tata,Curtain Max,1,3,35512.9,11787.84,0.0,149.38,4035.0
2022,3,Sports & Fitness,FabIndia,Yoga Mat Max,1,1,6418.64,6418.64,1132.6999999999998,0.0,3392.0
2022,3,Sports & Fitness,Tata,Sports Shoes Max,1,2,37343.04,18671.52,4149.220000000001,0.0,3298.0
2022,3,Toys & Baby,Bata,Drawing Kit Plus,1,4,80709.63,20133.65,0.0,175.03,2589.0
2022,3,Toys & Baby,Reliance,Stuffed Animal Plus,1,2,11146.52,5573.26,1238.5,0.0,276.0
2022,3,Toys & Baby,Tata,Action Figure Standard,1,4,8706.04,2155.55,0.0,83.84,1740.0
2022,4,Beauty & Personal,Bajaj,Sunscreen Max,1,4,76991.24,19247.81,13586.679999999993,0.0,1982.0
2022,4,Beauty & Personal,Boat,Hair Oil Max,1,4,24082.52,6002.94,0.0,70.76,4300.0
2022,4,Beauty & Personal,Unbranded,Sunscreen Max,1,1,14367.19,14367.19,2535.3900000000012,0.0,3327.0
2022,4,Beauty & Personal,W for Woman,Sunscreen Lite,1,4,17174.08,4293.52,903.9199999999983,0.0,4041.0
2022,4,Beauty & Personal,Whirlpool,Compact Elite,1,1,10345.58,10345.58,544.5,0.0,954.0
2022,4,Books,Bata,Novel Max,1,1,10127.34,10127.34,533.0200000000004,0.0,3765.0
2022,4,Books,Peter England,Comic Standard,1,3,55548.07,18482.42,0.0,100.81,4268.0
2022,4,Books,Peter England,NCERT Guide Pro,1,2,18194.22,9028.36,0.0,137.5,4521.0
2022,4,Clothing,Bajaj,Saree Max,1,2,11704.73,5769.3,0.0,166.13,3077.0
2022,4,Clothing,Dabur,Lehenga Pro,1,3,26527.9,8790.58,0.0,156.16,2581.0
2022,4,Clothing,Noise,Kurta Plus,1,4,58574.88,14643.72,6508.32,0.0,4955.0
2022,4,Clothing,Peter England,Dupatta Pro,1,4,64379.6,16094.9,7153.280000000006,0.0,4474.0
2022,4,Clothing,Peter England,Jeans Lite,1,2,44309.84,22118.12,0.0,73.6,1492.0
2022,4,Clothing,Unbranded,Kurta Standard,1,4,66979.52,16744.88,11819.919999999998,0.0,2524.0
2022,4,Electronics,Reliance,Smartphone Pro,1,2,32381.36,16157.62,0.0,66.12,98.0
2022,4,Electronics,Samsung India,Speaker Plus,1,3,3210.57,1070.19,802.6499999999999,0.0,4378.0
2022,4,Electronics,W for Woman,Laptop Standard,1,3,32923.5,10974.5,3658.1699999999983,0.0,4574.0
2022,4,Home & Kitchen,Bata,Curtain Lite,1,1,11844.28,11667.49,0.0,176.79,3445.0
2022,4,Home & Kitchen,Havells,Mixer Grinder Pro,1,3,36419.89,12134.06,0.0,17.71,886.0
2022,4,Sports & Fitness,FabIndia,Cricket Bat Plus,1,1,24104.56,24054.72,0.0,49.84,3800.0
2022,4,Sports & Fitness,Marico,Gym Gloves Max,1,1,3905.74,3905.74,976.4300000000003,0.0,667.0
2022,4,Sports & Fitness,Whirlpool,Dumbbell Elite,1,1,7587.56,7464.78,0.0,122.78,2589.0
2022,4,Toys & Baby,Havells,Lego Set Plus,1,2,9619.6,4732.92,0.0,153.76,3644.0
2022,4,Toys & Baby,Noise,Board Game Lite,1,4,89734.52,22433.63,4722.87999999999,0.0,1330.0
2022,4,Toys & Baby,Samsung India,Stuffed Animal Standard,1,4,57117.04,14279.26,6346.32,0.0,1421.0
2022,4,Toys & Baby,Unbranded,Drawing Kit Lite,1,3,11645.46,3873.19,0.0,25.89,505.0
2022,5,Beauty & Personal,Bajaj,Lipstick Lite,1,3,8223.57,2741.19,432.80999999999995,0.0,1198.0
2022,5,Beauty & Personal,Samsung India,Face Cream Plus,1,4,29054.12,7263.53,7263.52,0.0,4999.0
2022,5,Clothing,Bajaj,Tracksuit Pro,1,2,39583.68,19786.23,0.0,11.22,2589.0
2022,5,Clothing,Unbranded,Jeans Max,1,4,27450.97,6851.89,0.0,43.41,194.0
2022,5,Clothing,Unbranded,Kurta Elite,1,3,58671.48,19494.52,0.0,187.92,1076.0
2022,5,Electronics,Patanjali,Laptop Max,1,4,59093.9,14745.24,0.0,112.94,3337.0
2022,5,Electronics,Wildcraft,Smart TV Plus,1,2,40602.09,20245.26,0.0,111.57,4382.0
2022,5,Grocery & Food,Noise,Atta Pro,1,4,82764.64,20685.36,0.0,23.2,849.0
2022,5,Home & Kitchen,FabIndia,Bedsheet Elite,1,1,18801.77,18612.11,0.0,189.66,3117.0
2022,5,Sports & Fitness,Bata,Sports Shoes Plus,1,4,53892.6,13473.15,5988.080000000002,0.0,3567.0
2022,5,Toys & Baby,Godrej,Puzzle Pro,1,3,28316.79,9438.93,3146.3100000000013,0.0,2366.0
2022,5,Toys & Baby,Whirlpool,Baby Rattle Elite,1,3,20240.28,6702.97,0.0,131.37,4216.0
2022,6,Clothing,Marico,Salwar Suit Plus,1,4,63165.16,15791.29,7018.360000000001,0.0,3263.0
2022,6,Clothing,Patanjali,Jacket Plus,1,4,44658.96,11164.74,7881.0,0.0,185.0
2022,6,Clothing,Whirlpool,Shirt Standard,1,1,1489.19,1480.0,0.0,9.19,3199.0
2022,6,Electronics,Havells,Earbuds Standard,1,3,35614.34,11865.48,0.0,17.9,4641.0
2022,6,Electronics,Peter England,Laptop Plus,1,4,86811.32,21702.83,4569.0,0.0,277.0
2022,6,Electronics,Unbranded,Speaker Max,1,1,6221.9,6202.68,0.0,19.22,3185.0
2022,6,Electronics,Whirlpool,Webcam Standard,1,2,37757.62,18878.81,4195.299999999996,0.0,2569.0
2022,6,Grocery & Food,Dabur,Basmati Rice Plus,1,1,8688.65,8575.36,0.0,113.29,624.0
2022,6,Grocery & Food,FabIndia,Dry Fruits Standard,1,1,24245.13,24125.62,0.0,119.51,2839.0
2022,6,Grocery & Food,Unbranded,Dry Fruits Elite,1,1,2285.2,2285.2,571.3000000000002,0.0,4801.0
2022,6,Grocery & Food,W for Woman,Dal Standard,1,2,18531.37,9195.53,0.0,140.31,4191.0
2022,6,Home & Kitchen,OnePlus,Cushion Cover Elite,1,1,23656.68,23656.68,1245.0900000000001,0.0,646.0
2022,6,Home & Kitchen,Tata,Pressure Cooker Plus,1,2,6416.82,3208.41,1132.38,0.0,4296.0
2022,6,Sports & Fitness,FabIndia,Dumbbell Lite,1,4,7955.88,1988.97,1988.96,0.0,3891.0
2022,6,Sports & Fitness,OnePlus,Yoga Mat Max,1,2,26202.78,13101.39,4624.02,0.0,2746.0
2022,6,Sports & Fitness,Unbranded,Cricket Bat Plus,1,4,43633.02,10889.22,0.0,76.14,2275.0
2022,6,Toys & Baby,Havells,Puzzle Pro,1,4,21921.64,5480.41,2435.720000000001,0.0,22146.0
2022,7,Beauty & Personal,OnePlus,Shampoo Max,1,4,8707.28,2176.82,1536.5999999999985,0.0,3691.0
2022,7,Beauty & Personal,W for Woman,Body Lotion Standard,1,4,63637.48,15909.37,11230.120000000003,0.0,1362.0
2022,7,Books,Bata,Children Book Lite,1,2,26329.9,13099.83,0.0,130.24,4044.0
2022,7,Books,Bata,Novel Max,1,4,47362.84,11840.71,5262.520000000004,0.0,2589.0
2022,7,Books,Patanjali,Cookbook Standard,1,1,8172.38,8169.09,0.0,3.29,4825.0
2022,7,Books,Whirlpool,Comic Max,1,3,5048.68,1638.9,0.0,131.98,803.0
2022,7,Clothing,Bajaj,T-Shirt Pro,1,1,20598.04,20576.37,0.0,21.67,1596.0
2022,7,Clothing,FabIndia,Tracksuit Pro,1,1,5538.8,5538.8,291.5199999999995,0.0,4328.0
2022,7,Clothing,Havells,Lehenga Pro,1,1,18200.58,18018.39,0.0,182.19,3505.0
2022,7,Clothing,Havells,Tracksuit Plus,1,4,76768.32,19192.08,8529.799999999988,0.0,482.0
2022,7,Electronics,Whirlpool,Speaker Max,1,1,2183.96,2183.96,242.65999999999985,0.0,1161.0
2022,7,Grocery & Food,Bata,Protein Bar Pro,1,3,67681.86,22541.27,0.0,58.05,2473.0
2022,7,Grocery & Food,FabIndia,Dry Fruits Pro,1,4,22877.96,5719.49,2542.0,0.0,2381.0
2022,7,Grocery & Food,Godrej,Basmati Rice Plus,1,3,13641.72,4547.24,2407.38,0.0,1501.0
2022,7,Grocery & Food,Peter England,Atta Max,1,3,33470.23,11129.95,0.0,80.38,4160.0
2022,7,Home & Kitchen,Peter England,Water Bottle Plus,1,2,37898.7,18949.35,4210.960000000006,0.0,3719.0
2022,7,Sports & Fitness,OnePlus,Yoga Mat Standard,1,4,13484.4,3371.1,3371.08,0.0,1815.0
2022,7,Sports & Fitness,Whirlpool,Gym Gloves Elite,1,4,54232.88,13558.22,6025.880000000005,0.0,3692.0
2022,7,Toys & Baby,Patanjali,Remote Car Elite,1,2,21800.7,10900.35,5450.18,0.0,2589.0
2022,8,Books,OnePlus,Competitive Exam Book Plus,1,2,16053.88,8026.94,844.9400000000005,0.0,3223.0
2022,8,Books,Reliance,Self Help Book Pro,1,3,58343.73,19397.26,0.0,151.95,1449.0
2022,8,Books,Samsung India,Self Help Book Lite,1,3,9841.89,3280.63,1736.7899999999995,0.0,3939.0
2022,8,Books,Unbranded,Self Help Book Elite,1,1,3835.18,3835.18,958.7999999999997,0.0,1352.0
2022,8,Clothing,Dabur,Tracksuit Elite,1,2,21946.62,10906.52,0.0,133.58,3958.0
2022,8,Clothing,Reliance,Tracksuit Max,1,2,17955.34,8887.57,0.0,180.2,3659.0
2022,8,Clothing,Unbranded,Tracksuit Plus,1,1,6565.71,6379.42,0.0,186.29,328.0
2022,8,Electronics,Dabur,Laptop Max,1,2,46543.96,23225.13,0.0,93.7,2583.0
2022,8,Electronics,Patanjali,Tablet Plus,1,4,60766.77,15176.56,0.0,60.53,686.0
2022,8,Electronics,Reliance,Smartphone Pro,1,4,61398.96,15349.74,3231.520000000004,0.0,98.0
2022,8,Electronics,Wildcraft,Earbuds Lite,1,4,42343.76,10585.94,4704.879999999997,0.0,2239.0
2022,8,Electronics,Wildcraft,Smartphone Standard,1,2,12586.58,6293.29,3146.6399999999994,0.0,1616.0
2022,8,Grocery & Food,Bajaj,Spice Set Pro,1,1,17041.93,16902.51,0.0,139.42,2455.0
2022,8,Grocery & Food,Dabur,Atta Elite,1,1,8445.39,8445.39,444.4899999999998,0.0,4772.0
2022,8,Grocery & Food,Whirlpool,Honey Max,1,3,18470.1,6131.8,0.0,74.7,13205.0
2022,8,Grocery & Food,Whirlpool,Spice Set Standard,1,2,11075.12,5537.56,1954.4399999999987,0.0,1937.0
2022,8,Home & Kitchen,Godrej,Cushion Cover Max,1,3,67003.77,22334.59,7444.859999999997,0.0,3928.0
2022,8,Home & Kitchen,Godrej,Mixer Grinder Standard,1,3,29373.3,9791.1,7343.3399999999965,0.0,43282.0
2022,8,Home & Kitchen,Samsung India,Tiffin Box Lite,1,3,30650.16,10216.72,7662.540000000001,0.0,2759.0
2022,8,Home & Kitchen,Wildcraft,Water Bottle Elite,1,3,21846.86,7235.27,0.0,141.05,861.0
2022,8,Sports & Fitness,Boat,Skipping Rope Plus,1,3,55387.71,18417.12,0.0,136.35,246.0
2022,8,Sports & Fitness,Marico,Cricket Bat Pro,1,4,45731.76,11415.61,0.0,69.32,2480.0
2022,8,Sports & Fitness,Noise,Yoga Mat Pro,1,2,24970.6,12485.3,2774.5,0.0,172.0
2022,8,Sports & Fitness,OnePlus,Cricket Bat Max,1,3,74535.85,24830.68,0.0,43.81,2325.0
2022,8,Sports & Fitness,OnePlus,Skipping Rope Lite,1,3,35907.42,11969.14,6336.600000000002,0.0,3520.0
2022,8,Toys & Baby,Whirlpool,Drawing Kit Elite,1,4,82792.12,20698.03,14610.36,0.0,2107.0
2022,9,Beauty & Personal,Reliance,Body Lotion Pro,1,3,4560.06,1520.02,506.6700000000003,0.0,4022.0
2022,9,Books,W for Woman,Competitive Exam Book Max,1,2,6138.42,3069.21,682.04,0.0,4843.0
2022,9,Books,Wildcraft,Atlas Elite,1,4,50924.56,12731.14,2680.2400000000052,0.0,2720.0
2022,9,Clothing,Bajaj,Tracksuit Pro,1,3,53422.83,17807.61,5935.859999999997,0.0,2589.0
2022,9,Clothing,Tata,Tracksuit Standard,1,1,15015.15,14958.27,0.0,56.88,2858.0
2022,9,Clothing,Whirlpool,Jacket Elite,1,1,10706.27,10706.27,1189.58,0.0,4251.0
2022,9,Electronics,Samsung India,Charger Plus,1,4,32034.66,7959.49,0.0,196.7,2885.0
2022,9,Electronics,Tata,Webcam Plus,1,2,23396.14,11698.07,2599.5600000000013,0.0,369.0
2022,9,Grocery & Food,Amul,Organic Ghee Max,1,4,54940.48,13735.12,6104.519999999997,0.0,2315.0
2022,9,Grocery & Food,Samsung India,Spice Set Standard,1,1,19883.24,19838.85,0.0,44.39,274.0
2022,9,Home & Kitchen,Bata,Cushion Cover Elite,1,2,8347.96,4173.98,2087.0,0.0,638.0
2022,9,Home & Kitchen,Boat,Mixer Grinder Elite,1,3,23537.49,7845.83,2615.2800000000007,0.0,1592.0
2022,9,Home & Kitchen,W for Woman,Mixer Grinder Lite,1,1,23457.23,23271.27,0.0,185.96,4684.0
2022,9,Home & Kitchen,W for Woman,Mixer Grinder Standard,1,2,34337.13,17120.37,0.0,96.39,4223.0
2022,9,Sports & Fitness,Godrej,Badminton Racket Elite,1,3,42435.36,14145.12,7488.599999999997,0.0,1034.0
2022,9,Toys & Baby,Unbranded,Baby Rattle Pro,1,4,16613.11,4127.3,0.0,103.91,210.0
2022,10,Beauty & Personal,Tata,Sunscreen Pro,1,3,4384.38,1458.49,0.0,8.91,3332.0
2022,10,Books,Dabur,Competitive Exam Book Lite,1,3,10050.75,3350.25,1116.75,0.0,3509.0
2022,10,Books,Reliance,Cookbook Pro,1,1,11766.14,11766.14,619.2700000000004,0.0,2671.0
2022,10,Clothing,Dabur,Dupatta Max,1,1,19526.22,19526.22,4881.549999999999,0.0,4846.0
2022,10,Clothing,Godrej,T-Shirt Standard,1,1,18120.11,18120.11,953.6899999999987,0.0,426.0
2022,10,Clothing,Whirlpool,Kurta Standard,1,2,37712.82,18851.83,0.0,9.16,4412.0
2022,10,Clothing,Whirlpool,Shirt Elite,1,1,9621.74,9621.74,2405.4400000000005,0.0,4850.0
2022,10,Electronics,FabIndia,Laptop Standard,1,4,4725.84,1181.46,1181.4799999999996,0.0,3704.0
2022,10,Electronics,Havells,Smart Watch Pro,1,4,23430.79,5838.26,0.0,77.75,4986.0
2022,10,Electronics,Noise,Smart Watch Plus,1,2,36359.62,18143.74,0.0,72.14,2684.0
2022,10,Electronics,Noise,Tablet Plus,1,4,68833.64,17187.95,0.0,81.84,4317.0
2022,10,Electronics,Tata,Smartphone Standard,1,1,10349.43,10286.84,0.0,62.59,2382.0
2022,10,Electronics,Whirlpool,Charger Standard,1,4,48838.56,12209.64,8618.560000000005,0.0,4241.0
2022,10,Grocery & Food,Bajaj,Organic Ghee Plus,1,4,77504.48,19376.12,4079.199999999997,0.0,3718.0
2022,10,Grocery & Food,Havells,Pickle Elite,1,3,37236.74,12393.97,0.0,54.83,2916.0
2022,10,Home & Kitchen,OnePlus,Curtain Standard,1,1,12000.07,12000.07,3000.0200000000004,0.0,1625.0
2022,10,Home & Kitchen,Unbranded,Mixer Grinder Pro,1,2,15533.02,7766.51,1725.8999999999978,0.0,1290.0
2022,10,Home & Kitchen,W for Woman,Non-stick Pan Elite,1,2,46204.7,23034.13,0.0,136.44,3365.0
2022,10,Home & Kitchen,Whirlpool,Curtain Elite,1,1,5782.82,5782.82,1445.71,0.0,3661.0
2022,10,Home & Kitchen,Wildcraft,Water Bottle Pro,1,2,45066.75,22449.46,0.0,167.83,516.0
2022,10,Sports & Fitness,Peter England,Skipping Rope Max,1,3,15712.99,5182.28,0.0,166.15,2589.0
2022,10,Sports & Fitness,Unbranded,Yoga Mat Pro,1,2,28549.36,14274.68,3172.1399999999994,0.0,2589.0
2022,10,Toys & Baby,Dabur,Stuffed Animal Plus,1,4,29409.1,7333.66,0.0,74.46,855.0
2022,10,Toys & Baby,Unbranded,Lego Set Pro,1,1,19168.94,19168.94,4792.240000000002,0.0,1769.0
2022,11,Beauty & Personal,Bajaj,Face Cream Lite,1,4,71492.88,17873.22,12616.399999999994,0.0,1085.0
2022,11,Beauty & Personal,Patanjali,Body Lotion Plus,1,2,21840.58,10920.29,1149.5,0.0,4483.0
2022,11,Beauty & Personal,Tata,Face Wash Standard,1,2,30130.68,15065.34,5317.18,0.0,2550.0
2022,11,Beauty & Personal,Whirlpool,Body Lotion Elite,1,3,1598.66,475.39,0.0,172.49,3822.0
2022,11,Beauty & Personal,Whirlpool,Hair Oil Pro,1,4,91829.24,22957.31,4833.119999999995,0.0,495.0
2022,11,Books,Boat,Atlas Plus,1,2,40999.18,20499.59,7235.139999999999,0.0,2049.0
2022,11,Books,Tata,Children Book Pro,1,3,6998.37,2332.79,1235.0100000000002,0.0,574.0
2022,11,Books,W for Woman,NCERT Guide Plus,1,2,14824.48,7339.69,0.0,145.1,4725.0
2022,11,Clothing,Boat,Kurta Standard,1,3,4093.74,1364.58,1023.4200000000003,0.0,2154.0
2022,11,Clothing,Noise,Tracksuit Standard,1,4,78918.96,19729.74,19729.719999999987,0.0,2589.0
2022,11,Clothing,Samsung India,Kurta Plus,1,4,6908.24,1727.06,363.60000000000036,0.0,2589.0
2022,11,Clothing,Samsung India,Kurta Standard,1,2,44247.94,22082.32,0.0,83.3,2962.0
2022,11,Clothing,Unbranded,Tracksuit Plus,1,1,6555.18,6379.42,0.0,175.76,328.0
2022,11,Electronics,Amul,Smart Watch Plus,1,4,58499.28,14624.82,3078.9199999999983,0.0,1670.0
2022,11,Electronics,Bata,Charger Elite,1,3,42749.13,14249.71,10687.29,0.0,4266.0
2022,11,Electronics,Dabur,Earbuds Max,1,4,17531.01,4367.37,0.0,61.53,1535.0
2022,11,Electronics,Noise,Laptop Standard,1,6,108474.78,18055.62,0.0,141.06,3874.0
2022,11,Electronics,Reliance,Smart Watch Standard,1,3,16653.12,5551.04,2938.7700000000004,0.0,1392.0
2022,11,Electronics,Samsung India,Earbuds Pro,1,2,9856.02,4868.59,0.0,118.84,3985.0
2022,11,Grocery & Food,Dabur,Basmati Rice Plus,1,2,14578.12,7289.06,2572.6000000000004,0.0,624.0
2022,11,Home & Kitchen,Amul,Tiffin Box Standard,1,2,20096.14,10048.07,1057.7000000000007,0.0,1776.0
2022,11,Home & Kitchen,Havells,Mixer Grinder Plus,1,4,51209.9,12781.32,0.0,84.62,1136.0
2022,11,Home & Kitchen,OnePlus,Bedsheet Elite,1,3,42261.84,14087.28,7457.969999999999,0.0,1402.0
2022,11,Sports & Fitness,Amul,Yoga Mat Pro,1,1,13963.82,13963.82,3490.959999999999,0.0,2589.0
2022,11,Sports & Fitness,Bajaj,Badminton Racket Pro,1,2,41538.96,20693.23,0.0,152.5,2856.0
2022,11,Sports & Fitness,Tata,Cycling Helmet Pro,1,6,69844.5,11640.75,17461.140000000003,0.0,2676.0
2022,11,Toys & Baby,Patanjali,Board Game Standard,1,3,29978.63,9962.79,0.0,90.26,613.0
2022,12,Beauty & Personal,Dabur,Kajal Lite,1,1,21098.69,21098.69,1110.4600000000028,0.0,307.0
2022,12,Beauty & Personal,FabIndia,Body Lotion Max,1,3,11438.67,3812.89,2018.5800000000004,0.0,1395.0
2022,12,Beauty & Personal,Peter England,Shampoo Standard,1,2,11477.01,5715.82,0.0,45.37,3204.0
2022,12,Beauty & Personal,Samsung India,Lipstick Elite,1,1,16620.72,16620.72,874.7799999999988,0.0,4094.0
2022,12,Clothing,Dabur,Salwar Suit Pro,1,2,24737.0,12368.5,1301.9399999999987,0.0,1133.0
2022,12,Clothing,Godrej,Dupatta Pro,1,2,42986.75,21484.69,0.0,17.37,2966.0
2022,12,Clothing,Noise,Kurta Plus,1,2,31865.92,15932.96,3540.6600000000035,0.0,430.0
2022,12,Clothing,Noise,T-Shirt Elite,1,1,20966.33,20923.96,0.0,42.37,3076.0
2022,12,Clothing,Patanjali,T-Shirt Standard,1,3,54446.45,18118.86,0.0,89.87,1158.0
2022,12,Clothing,Peter England,Salwar Suit Max,1,3,9300.32,3078.76,0.0,64.04,2197.0
2022,12,Electronics,Amul,Charger Elite,1,1,20785.36,20608.89,0.0,176.47,2721.0
2022,12,Electronics,Wildcraft,Smart Watch Pro,1,1,736.4,736.4,184.10000000000002,0.0,2701.0
2022,12,Grocery & Food,FabIndia,Atta Lite,1,2,35718.26,17817.7,0.0,82.86,4739.0
2022,12,Grocery & Food,Noise,Atta Lite,1,3,8740.32,2913.44,1542.4199999999996,0.0,110.0
2022,12,Home & Kitchen,Amul,Water Bottle Max,1,3,49889.2,16587.31,0.0,127.27,4075.0
2022,12,Home & Kitchen,OnePlus,Non-stick Pan Elite,1,1,12484.37,12407.59,0.0,76.78,4288.0
2022,12,Home & Kitchen,OnePlus,Non-stick Pan Lite,1,2,31590.02,15795.01,5574.7199999999975,0.0,2533.0
2022,12,Home & Kitchen,OnePlus,Water Bottle Plus,1,3,57114.3,19038.1,3006.030000000006,0.0,3026.0
2022,12,Home & Kitchen,Samsung India,Mixer Grinder Lite,1,1,7230.09,7230.09,803.3400000000001,0.0,3685.0
2022,12,Home & Kitchen,Tata,Non-stick Pan Pro,1,1,2990.99,2943.54,0.0,47.45,1751.0
2022,12,Sports & Fitness,Amul,Cricket Bat Plus,1,2,24645.44,12322.72,2738.380000000001,0.0,1920.0
2022,12,Sports & Fitness,Amul,Dumbbell Lite,1,4,29693.24,7423.31,1562.7999999999993,0.0,2458.0
2022,12,Sports & Fitness,Amul,Skipping Rope Plus,1,4,59676.22,14908.6,0.0,41.82,2912.0
2022,12,Sports & Fitness,Samsung India,Badminton Racket Elite,1,2,4810.72,2405.36,848.9399999999996,0.0,4770.0
2022,12,Toys & Baby,Havells,Lego Set Elite,1,1,23007.89,22905.07,0.0,102.82,2681.0
2022,12,Toys & Baby,Marico,Action Figure Elite,1,4,25869.13,6457.61,0.0,38.69,2027.0
2022,12,Toys & Baby,Whirlpool,Puzzle Max,1,4,15266.56,3816.64,2694.120000000001,0.0,4182.0
2023,1,Beauty & Personal,Bajaj,Lipstick Max,1,4,21916.85,5463.65,0.0,62.25,283.0
2023,1,Beauty & Personal,Bata,Body Lotion Elite,1,2,749.91,366.4,0.0,17.11,3901.0
2023,1,Beauty & Personal,OnePlus,Shampoo Elite,1,2,15844.74,7922.37,3961.1799999999985,0.0,548.0
2023,1,Beauty & Personal,Peter England,Hair Oil Max,1,1,6771.41,6771.41,1194.96,0.0,2384.0
2023,1,Beauty & Personal,Tata,Hair Oil Pro,1,2,26924.8,13462.4,2991.6399999999994,0.0,4474.0
2023,1,Beauty & Personal,Unbranded,Lipstick Pro,1,3,56277.41,18713.33,0.0,137.42,794.0
2023,1,Books,Dabur,Novel Max,1,3,43378.2,14459.4,4819.800000000001,0.0,4654.0
2023,1,Books,Unbranded,Comic Lite,1,3,5187.15,1729.05,273.0,0.0,2529.0
2023,1,Clothing,Marico,Tracksuit Standard,1,2,18417.39,9117.1,0.0,183.19,733.0
2023,1,Clothing,Tata,Kurta Lite,1,4,62882.31,15682.28,0.0,153.19,2692.0
2023,1,Electronics,Bata,Smart TV Pro,1,3,35902.23,11913.18,0.0,162.69,3179.0
2023,1,Electronics,Godrej,Webcam Lite,1,2,34567.54,17264.84,0.0,37.86,2723.0
2023,1,Electronics,Unbranded,Power Bank Max,1,3,17470.36,5763.27,0.0,180.55,574.0
2023,1,Electronics,Unbranded,Smart Watch Max,1,1,23607.41,23511.65,0.0,95.76,2226.0
2023,1,Electronics,W for Woman,Speaker Plus,1,2,36801.96,18377.37,0.0,47.22,3885.0
2023,1,Grocery & Food,Bata,Green Tea Pro,1,4,87800.73,21905.5,0.0,178.73,2317.0
2023,1,Grocery & Food,W for Woman,Dal Elite,1,1,11166.76,11166.76,1240.75,0.0,415.0
2023,1,Home & Kitchen,Marico,Cushion Cover Lite,1,4,86887.56,21721.89,4573.040000000008,0.0,3216.0
2023,1,Home & Kitchen,Tata,Pressure Cooker Plus,1,2,7732.77,3774.6,0.0,183.57,4296.0
2023,1,Home & Kitchen,Whirlpool,Curtain Max,1,2,37775.14,18862.81,0.0,49.52,791.0
2023,1,Sports & Fitness,Amul,Cricket Bat Standard,1,2,8255.08,4127.54,2063.76,0.0,1584.0
2023,1,Sports & Fitness,FabIndia,Sports Shoes Lite,1,1,4868.15,4718.0,0.0,150.15,2336.0
2023,1,Sports & Fitness,Godrej,Yoga Mat Max,1,3,52665.83,17524.19,0.0,93.26,4636.0
2023,1,Sports & Fitness,Whirlpool,Skipping Rope Plus,1,4,41072.88,10240.12,0.0,112.4,653.0
2023,1,Sports & Fitness,Wildcraft,Dumbbell Max,1,4,21479.93,5356.38,0.0,54.41,948.0
2023,1,Toys & Baby,Bata,Stuffed Animal Plus,1,1,13134.37,13134.37,3283.5899999999983,0.0,1509.0
2023,1,Toys & Baby,OnePlus,Puzzle Lite,1,2,24061.72,12030.86,1266.3999999999978,0.0,1361.0
2023,1,Toys & Baby,Unbranded,Board Game Standard,1,4,15607.44,3901.86,3901.879999999999,0.0,188.0
2023,2,Beauty & Personal,OnePlus,Lipstick Lite,1,1,3905.78,3905.78,205.57000000000016,0.0,4441.0
2023,2,Beauty & Personal,Peter England,Sunscreen Max,1,4,66090.6,16522.65,11663.039999999994,0.0,3408.0
2023,2,Books,FabIndia,Competitive Exam Book Elite,1,1,2449.94,2449.94,612.4899999999998,0.0,2415.0
2023,2,Clothing,Boat,Salwar Suit Elite,1,2,15521.07,7720.9,0.0,79.27,2352.0
2023,2,Clothing,Patanjali,Jeans Plus,1,2,15607.74,7803.87,3901.9400000000005,0.0,4553.0
2023,2,Electronics,Bata,Charger Lite,1,1,6477.7,6306.85,0.0,170.85,4282.0
2023,2,Electronics,Patanjali,Webcam Pro,1,3,55580.76,18526.92,9808.380000000008,0.0,4943.0
2023,2,Electronics,Peter England,Speaker Lite,1,3,5646.93,1882.31,297.2100000000005,0.0,18151.0
2023,2,Electronics,Unbranded,Webcam Elite,1,1,5890.69,5862.15,0.0,28.54,3728.0
2023,2,Grocery & Food,Dabur,Dry Fruits Max,1,3,381.81,127.27,95.46000000000002,0.0,2589.0
2023,2,Grocery & Food,Tata,Honey Elite,1,4,13893.36,3464.26,0.0,36.32,576.0
2023,2,Home & Kitchen,FabIndia,Bedsheet Plus,1,3,22003.95,7334.65,1158.090000000002,0.0,1799.0
2023,2,Home & Kitchen,Godrej,Mixer Grinder Standard,1,2,24606.22,12238.88,0.0,128.46,43282.0
2023,2,Sports & Fitness,Godrej,Dumbbell Max,1,3,2302.11,767.37,121.16999999999996,0.0,4661.0
2023,3,Beauty & Personal,Dabur,Compact Lite,1,1,4540.49,4540.49,238.97000000000025,0.0,313.0
2023,3,Beauty & Personal,Havells,Face Cream Pro,1,2,7219.06,3609.53,1273.96,0.0,807.0
2023,3,Beauty & Personal,Marico,Shampoo Lite,1,1,16424.2,16400.97,0.0,23.23,4368.0
2023,3,Beauty & Personal,Samsung India,Body Lotion Standard,1,2,15283.27,7548.64,0.0,185.99,4169.0
2023,3,Books,Patanjali,Children Book Lite,1,1,9878.13,9878.13,2469.5300000000007,0.0,2250.0
2023,3,Books,Wildcraft,Atlas Elite,1,1,13428.31,13401.2,0.0,27.11,2720.0
2023,3,Books,Wildcraft,Cookbook Lite,1,1,22863.6,22863.6,1203.3500000000022,0.0,747.0
2023,3,Clothing,Whirlpool,Salwar Suit Max,1,4,92638.52,23159.63,4875.720000000001,0.0,4307.0
2023,3,Clothing,Wildcraft,Dupatta Pro,1,1,8618.5,8618.5,2154.629999999999,0.0,4888.0
2023,3,Electronics,Bata,Earbuds Plus,1,3,73014.33,24302.21,0.0,107.7,4894.0
2023,3,Electronics,Bata,Smart Watch Plus,1,3,39026.61,13008.87,4336.289999999995,0.0,3415.0
2023,3,Electronics,Bata,Speaker Lite,1,2,23911.32,11955.66,5977.84,0.0,4128.0
2023,3,Electronics,Boat,Smart TV Plus,1,3,30450.54,10150.18,3383.399999999998,0.0,3787.0
2023,3,Electronics,Havells,Smart Watch Pro,1,3,24383.26,8088.73,0.0,117.07,2923.0
2023,3,Electronics,Marico,Smart Watch Pro,1,2,29107.37,14460.49,0.0,186.39,1113.0
2023,3,Grocery & Food,Bajaj,Organic Ghee Plus,1,4,65266.96,16316.74,16316.719999999994,0.0,3718.0
2023,3,Grocery & Food,Dabur,Basmati Rice Plus,1,2,14578.12,7289.06,2572.6000000000004,0.0,624.0
2023,3,Home & Kitchen,Havells,Curtain Lite,1,3,23986.26,7995.42,1262.4299999999985,0.0,4505.0
2023,3,Home & Kitchen,Havells,Non-stick Pan Lite,1,1,6267.14,6255.94,0.0,11.2,2557.0
2023,3,Home & Kitchen,Patanjali,Tiffin Box Pro,1,3,27597.16,9171.35,0.0,83.11,4528.0
2023,3,Home & Kitchen,Reliance,Tiffin Box Lite,1,4,2133.6,533.4,376.52,0.0,1848.0
2023,3,Sports & Fitness,Boat,Yoga Mat Max,1,2,10428.32,5214.16,2607.08,0.0,2117.0
2023,3,Sports & Fitness,Peter England,Gym Gloves Max,1,4,11934.32,2983.58,2983.6000000000004,0.0,2805.0
2023,3,Sports & Fitness,Reliance,Cricket Bat Max,1,2,26991.91,13416.35,0.0,159.21,3842.0
2023,3,Sports & Fitness,Reliance,Cycling Helmet Pro,1,2,5814.32,2842.9,0.0,128.52,66.0
2023,3,Sports & Fitness,Unbranded,Cycling Helmet Plus,1,4,2036.72,509.18,359.39999999999986,0.0,3959.0
2023,3,Toys & Baby,W for Woman,Lego Set Standard,1,3,42904.45,14299.86,0.0,4.87,2589.0
2023,4,Beauty & Personal,Bata,Shampoo Plus,1,4,1356.43,303.21,0.0,143.59,954.0
2023,4,Beauty & Personal,Dabur,Hair Oil Standard,1,4,43622.56,10905.64,7698.120000000003,0.0,2927.0
2023,4,Beauty & Personal,Godrej,Serum Pro,1,4,75974.78,18962.34,0.0,125.42,2589.0
2023,4,Beauty & Personal,Marico,Shampoo Pro,1,1,14308.66,14308.66,1589.8500000000004,0.0,182.0
2023,4,Beauty & Personal,Tata,Body Lotion Lite,1,3,53074.5,17691.5,5897.1600000000035,0.0,1398.0
2023,4,Books,FabIndia,Comic Plus,1,1,10338.12,10274.94,0.0,63.18,4933.0
2023,4,Clothing,Noise,T-Shirt Pro,2,5,101660.75,19999.875,1025.6299999999974,122.93,2858.0
2023,4,Clothing,Reliance,Dupatta Max,1,4,88040.04,22010.01,4633.680000000008,0.0,1504.0
2023,4,Electronics,Dabur,Webcam Lite,1,1,13440.52,13440.52,707.3999999999996,0.0,1883.0
2023,4,Electronics,FabIndia,Smart Watch Pro,1,1,5170.01,5068.86,0.0,101.15,1066.0
2023,4,Grocery & Food,Boat,Dal Pro,1,4,560.12,140.03,29.480000000000018,0.0,1843.0
2023,4,Grocery & Food,Godrej,Atta Standard,1,3,44182.32,14727.44,2325.3899999999976,0.0,2322.0
2023,4,Home & Kitchen,Bata,Water Bottle Standard,1,3,60406.35,20135.45,3179.279999999995,0.0,811.0
2023,4,Sports & Fitness,Unbranded,Yoga Mat Lite,1,4,43081.88,10770.47,2267.480000000003,0.0,2452.0
2023,4,Toys & Baby,Peter England,Drawing Kit Max,1,3,52645.78,17534.08,0.0,43.54,4366.0
2023,4,Toys & Baby,Reliance,Board Game Elite,1,3,14438.13,4812.71,1604.25,0.0,3332.0
2023,4,Toys & Baby,Unbranded,Board Game Standard,1,3,12437.19,4145.73,2194.800000000001,0.0,188.0
2023,4,Toys & Baby,Wildcraft,Stuffed Animal Lite,1,2,7693.1,3846.55,854.7799999999988,0.0,2589.0
2023,5,Beauty & Personal,Dabur,Kajal Lite,1,1,22274.95,22209.15,0.0,65.8,307.0
2023,5,Beauty & Personal,OnePlus,Face Cream Max,1,1,24412.01,24385.34,0.0,26.67,4427.0
2023,5,Beauty & Personal,W for Woman,Lipstick Pro,1,2,6250.32,3125.16,1103.0,0.0,2589.0
2023,5,Books,Boat,Atlas Plus,1,3,61498.77,20499.59,10852.71,0.0,2049.0
2023,5,Books,FabIndia,Cookbook Lite,1,3,4989.3,1663.1,262.5900000000006,0.0,4017.0
2023,5,Books,Havells,NCERT Guide Lite,1,1,14253.87,14253.87,1583.7599999999984,0.0,3494.0
2023,5,Books,Noise,NCERT Guide Max,1,3,9559.56,3186.52,2389.8900000000003,0.0,960.0
2023,5,Books,Patanjali,Comic Lite,1,2,8666.46,4303.29,0.0,59.88,2597.0
2023,5,Books,Samsung India,Novel Pro,1,3,21350.97,7116.99,1123.7399999999998,0.0,4370.0
2023,5,Books,Wildcraft,Children Book Pro,1,3,2909.64,969.88,153.14999999999986,0.0,2981.0
2023,5,Clothing,Boat,Kurta Elite,1,2,28564.56,14282.28,1503.3999999999978,0.0,94.0
2023,5,Clothing,Peter England,Tracksuit Lite,1,4,46426.2,11606.55,8192.840000000004,0.0,389.0
2023,5,Clothing,W for Woman,Shirt Plus,1,4,256675.0,64168.75,13509.200000000012,0.0,3062.0
2023,5,Clothing,Wildcraft,Lehenga Pro,1,4,86231.6,21557.9,9581.279999999999,0.0,3156.0
2023,5,Electronics,Reliance,Tablet Max,1,4,24044.77,5981.47,0.0,118.89,2214.0
2023,5,Home & Kitchen,Dabur,Bedsheet Standard,1,2,34308.84,17154.42,8577.200000000004,0.0,4414.0
2023,5,Home & Kitchen,Unbranded,Curtain Elite,1,2,13031.04,6515.52,685.8399999999983,0.0,10523.0
2023,5,Home & Kitchen,W for Woman,Water Bottle Max,1,3,12279.45,4093.15,646.2899999999995,0.0,4663.0
2023,5,Sports & Fitness,Amul,Dumbbell Plus,1,1,17723.28,17723.28,932.8000000000029,0.0,3617.0
2023,5,Sports & Fitness,Boat,Skipping Rope Elite,1,4,46263.24,11565.81,8164.080000000002,0.0,4054.0
2023,5,Sports & Fitness,FabIndia,Skipping Rope Elite,1,3,44519.03,14817.61,0.0,66.2,4696.0
2023,5,Sports & Fitness,Samsung India,Cycling Helmet Standard,1,2,26956.25,13425.36,0.0,105.53,1395.0
2023,5,Sports & Fitness,Whirlpool,Gym Gloves Lite,1,1,4102.97,3939.99,0.0,162.98,2730.0
2023,5,Toys & Baby,Bajaj,Action Figure Max,1,1,21938.04,21938.04,2437.5599999999977,0.0,1819.0
2023,5,Toys & Baby,Bata,Stuffed Animal Plus,1,1,13955.27,13955.27,2462.6899999999987,0.0,1509.0
2023,5,Toys & Baby,Boat,Baby Rattle Elite,1,2,12636.84,6318.42,2230.0200000000004,0.0,4515.0
2023,5,Toys & Baby,Tata,Drawing Kit Pro,1,4,32762.01,8163.13,0.0,109.49,4146.0
2023,6,Beauty & Personal,OnePlus,Face Cream Max,1,2,48801.4,24385.34,0.0,30.72,4427.0
2023,6,Beauty & Personal,Wildcraft,Hair Oil Lite,1,2,22092.05,10988.2,0.0,115.65,4927.0
2023,6,Books,Bata,Self Help Book Plus,1,1,14399.52,14216.29,0.0,183.23,2422.0
2023,6,Books,FabIndia,Comic Plus,1,4,41236.94,10274.94,0.0,137.18,4933.0
2023,6,Books,Tata,Comic Plus,1,3,73123.03,24327.62,0.0,140.17,4005.0
2023,6,Clothing,Boat,Salwar Suit Elite,1,1,14773.17,14773.17,3693.289999999999,0.0,178.0
2023,6,Clothing,FabIndia,Tracksuit Pro,1,3,17686.08,5830.32,0.0,195.12,4328.0
2023,6,Clothing,Godrej,Lehenga Max,1,1,11887.5,11755.2,0.0,132.3,310.0
2023,6,Clothing,Havells,Jeans Standard,1,3,43558.68,14488.73,0.0,92.49,3990.0
2023,6,Clothing,Patanjali,Jeans Lite,1,4,72356.24,18089.06,8039.559999999998,0.0,539.0
2023,6,Clothing,Reliance,Salwar Suit Lite,1,3,9708.89,3185.76,0.0,151.61,4265.0
2023,6,Clothing,Unbranded,Dupatta Max,1,1,11470.36,11319.83,0.0,150.53,3863.0
2023,6,Electronics,Havells,Charger Standard,1,4,75632.68,18908.17,13346.960000000006,0.0,4692.0
2023,6,Electronics,Havells,Laptop Pro,1,4,34117.88,8529.47,6020.800000000003,0.0,1928.0
2023,6,Electronics,OnePlus,Smart TV Lite,1,4,80443.37,20091.9,0.0,75.77,2295.0
2023,6,Electronics,OnePlus,Smart Watch Standard,1,3,7270.61,2419.86,0.0,11.03,328.0
2023,6,Electronics,W for Woman,Smartphone Lite,1,4,65219.36,16304.84,7246.600000000006,0.0,2546.0
2023,6,Grocery & Food,Boat,Spice Set Pro,1,3,5881.88,1921.48,0.0,117.44,1153.0
2023,6,Grocery & Food,Samsung India,Honey Elite,1,2,32116.03,16004.79,0.0,106.45,3973.0
2023,6,Home & Kitchen,Havells,Mixer Grinder Pro,1,2,21841.3,10920.65,2426.8199999999997,0.0,886.0
2023,6,Home & Kitchen,Marico,Non-stick Pan Lite,1,2,3346.65,1581.71,0.0,183.23,2494.0
2023,6,Home & Kitchen,Reliance,Non-stick Pan Standard,1,4,54813.36,13703.34,13703.319999999992,0.0,2723.0
2023,6,Sports & Fitness,Amul,Cricket Bat Standard,1,2,9802.9,4901.45,515.9400000000005,0.0,1584.0
2023,6,Sports & Fitness,Amul,Cycling Helmet Max,1,3,8600.6,2866.75,0.0,0.35,297.0
2023,6,Sports & Fitness,Bata,Gym Gloves Pro,1,1,11972.79,11972.79,2112.8399999999983,0.0,1026.0
2023,6,Sports & Fitness,OnePlus,Badminton Racket Elite,1,3,58013.49,19337.83,3053.3399999999965,0.0,1587.0
2023,6,Sports & Fitness,OnePlus,Skipping Rope Plus,1,3,43201.69,14364.84,0.0,107.17,4463.0
2023,6,Sports & Fitness,Peter England,Cricket Bat Pro,1,2,9596.38,4798.19,1066.2600000000002,0.0,1701.0
2023,6,Toys & Baby,Bata,Stuffed Animal Plus,1,1,5005.88,5005.88,883.3900000000003,0.0,4632.0
2023,6,Toys & Baby,Marico,Remote Car Standard,1,1,12305.19,12269.14,0.0,36.05,2348.0
2023,6,Toys & Baby,Patanjali,Drawing Kit Pro,1,4,47216.38,11772.69,0.0,125.62,4639.0
2023,6,Toys & Baby,Unbranded,Baby Rattle Max,1,4,55801.36,13950.34,9847.319999999992,0.0,2289.0
2023,6,Toys & Baby,W for Woman,Stuffed Animal Pro,1,4,42326.84,10581.71,10581.720000000001,0.0,834.0
2023,7,Beauty & Personal,Dabur,Face Cream Elite,1,2,31003.55,15404.01,0.0,195.53,4775.0
2023,7,Beauty & Personal,Peter England,Sunscreen Max,1,4,96217.67,24009.29,0.0,180.51,1436.0
2023,7,Beauty & Personal,Samsung India,Sunscreen Pro,1,1,9674.05,9674.05,1707.1800000000003,0.0,3553.0
2023,7,Beauty & Personal,Tata,Body Lotion Elite,1,3,30342.68,10104.45,0.0,29.33,1708.0
2023,7,Beauty & Personal,Unbranded,Face Cream Lite,1,4,57068.16,14267.04,14267.039999999994,0.0,3727.0
2023,7,Books,Bata,Self Help Book Plus,1,1,20312.96,20247.5,0.0,65.46,2600.0
2023,7,Books,OnePlus,Comic Max,1,1,4268.86,4268.86,753.3299999999999,0.0,3215.0
2023,7,Books,Patanjali,NCERT Guide Max,1,3,30909.12,10303.04,1626.8099999999959,0.0,4430.0
2023,7,Books,Reliance,Cookbook Pro,1,1,12423.28,12385.41,0.0,37.87,2671.0
2023,7,Electronics,Bata,Smart TV Pro,1,4,47743.92,11913.18,0.0,91.2,3179.0
2023,7,Electronics,Boat,Earbuds Max,1,4,52723.08,13180.77,13180.759999999995,0.0,4083.0
2023,7,Electronics,Havells,Laptop Elite,1,1,18486.22,18486.22,4621.559999999998,0.0,3085.0
2023,7,Electronics,Marico,Webcam Max,1,2,16496.32,8248.16,2911.119999999999,0.0,1982.0
2023,7,Electronics,Tata,Power Bank Max,1,1,16462.91,16462.91,2905.220000000001,0.0,2589.0
2023,7,Electronics,W for Woman,Smart TV Plus,1,3,22039.26,7346.42,3889.290000000001,0.0,2519.0
2023,7,Sports & Fitness,Bata,Skipping Rope Pro,1,1,19273.03,19273.03,2141.4500000000007,0.0,2466.0
2023,7,Sports & Fitness,Bata,Sports Shoes Standard,1,3,52549.26,17516.42,13137.330000000002,0.0,4759.0
2023,7,Sports & Fitness,Reliance,Sports Shoes Lite,1,4,59883.44,14965.38,0.0,21.92,2954.0
2023,7,Toys & Baby,Bajaj,Remote Car Pro,1,3,52876.55,17622.8,0.0,8.15,890.0
2023,7,Toys & Baby,Reliance,Puzzle Pro,1,1,19411.19,19411.19,3425.5,0.0,3960.0
2023,8,Beauty & Personal,Amul,Kajal Lite,1,2,31402.32,15701.16,3489.1399999999994,0.0,2882.0
2023,8,Beauty & Personal,Bajaj,Lipstick Lite,1,3,8742.23,2885.46,0.0,85.85,1198.0
2023,8,Beauty & Personal,Samsung India,Face Wash Elite,1,4,69621.14,17358.51,0.0,187.1,664.0
2023,8,Books,OnePlus,Competitive Exam Book Plus,1,1,7182.0,7182.0,1267.4099999999999,0.0,3223.0
2023,8,Clothing,Bajaj,Tracksuit Lite,1,2,30471.36,15235.68,7617.8399999999965,0.0,734.0
2023,8,Clothing,Boat,Salwar Suit Lite,1,3,56648.72,18840.51,0.0,127.19,2023.0
2023,8,Electronics,Godrej,Webcam Lite,1,4,69229.46,17264.84,0.0,170.1,2723.0
2023,8,Electronics,Whirlpool,Charger Elite,1,2,21984.64,10992.32,2442.7400000000016,0.0,2589.0
2023,8,Grocery & Food,Samsung India,Honey Pro,1,4,77383.12,19345.78,8598.12000000001,0.0,1368.0
2023,8,Grocery & Food,Samsung India,Organic Ghee Pro,1,2,21650.1,10735.24,0.0,179.62,2368.0
2023,8,Grocery & Food,Samsung India,Protein Bar Pro,1,1,16862.27,16862.27,2975.6899999999987,0.0,2589.0
2023,8,Home & Kitchen,Bata,Cushion Cover Standard,1,4,60792.16,15198.04,10728.039999999994,0.0,663.0
2023,8,Home & Kitchen,Dabur,Bedsheet Elite,1,4,20686.6,5171.65,2298.5200000000004,0.0,2444.0
2023,8,Home & Kitchen,OnePlus,Tiffin Box Elite,1,2,14676.98,7328.98,0.0,19.02,3870.0
2023,8,Home & Kitchen,Reliance,Tiffin Box Lite,1,3,1694.34,564.78,188.25,0.0,1848.0
2023,8,Sports & Fitness,Bata,Sports Shoes Elite,1,3,9880.14,3293.38,520.0199999999991,0.0,521.0
2023,8,Toys & Baby,Bajaj,Board Game Elite,1,1,935.5,935.5,49.24000000000001,0.0,4229.0
2023,8,Toys & Baby,Havells,Baby Rattle Standard,1,1,1245.91,1242.13,0.0,3.78,1903.0
2023,8,Toys & Baby,Noise,Puzzle Standard,1,2,35546.94,17773.47,6273.0,0.0,1569.0
2023,9,Beauty & Personal,Peter England,Sunscreen Pro,1,1,347.09,347.09,38.57000000000005,0.0,3692.0
2023,9,Beauty & Personal,Tata,Shampoo Max,1,3,3015.03,1005.01,158.70000000000027,0.0,2589.0
2023,9,Clothing,Havells,T-Shirt Elite,1,4,9365.04,2341.26,2341.24,0.0,114.0
2023,9,Clothing,Marico,Jeans Max,1,2,14044.64,7022.32,3511.16,0.0,2589.0
2023,9,Clothing,Noise,T-Shirt Standard,1,1,2890.22,2746.94,0.0,143.28,2887.0
2023,9,Clothing,Peter England,Kurta Lite,1,3,29147.4,9715.8,5143.650000000003,0.0,2648.0
2023,9,Clothing,W for Woman,Saree Pro,1,4,77853.2,19463.3,4097.520000000004,0.0,1377.0
2023,9,Electronics,Havells,Speaker Standard,1,2,21574.85,10699.44,0.0,175.97,2636.0
2023,9,Electronics,W for Woman,Speaker Lite,1,4,95354.57,23814.17,0.0,97.89,2569.0
2023,9,Grocery & Food,Havells,Green Tea Plus,1,1,24922.73,24782.44,0.0,140.29,4268.0
2023,9,Home & Kitchen,Boat,Curtain Lite,1,2,15345.51,7666.75,0.0,12.01,3631.0
2023,9,Home & Kitchen,Marico,Cushion Cover Plus,1,4,72945.15,18190.9,0.0,181.55,2376.0
2023,9,Sports & Fitness,Whirlpool,Badminton Racket Lite,1,2,9148.96,4574.48,1016.5600000000013,0.0,2589.0
2023,9,Toys & Baby,Dabur,Remote Car Max,1,3,42672.15,14217.62,0.0,19.29,1416.0
2023,9,Toys & Baby,Reliance,Lego Set Standard,1,2,36025.88,18006.89,0.0,12.1,803.0
2023,9,Toys & Baby,Whirlpool,Stuffed Animal Standard,1,1,732.96,651.31,0.0,81.65,2949.0
2023,9,Toys & Baby,Wildcraft,Baby Rattle Pro,1,4,37587.45,9358.83,0.0,152.13,2474.0
2023,9,Toys & Baby,Wildcraft,Board Game Pro,1,1,10894.6,10740.89,0.0,153.71,2648.0
2023,10,Books,OnePlus,Children Book Max,1,1,17242.83,17145.68,0.0,97.15,2159.0
2023,10,Books,Patanjali,Novel Standard,1,4,11497.88,2874.47,1277.5200000000004,0.0,718.0
2023,10,Books,Peter England,Atlas Elite,1,1,4690.64,4671.04,0.0,19.6,2745.0
2023,10,Books,Reliance,Children Book Plus,1,2,38725.87,19334.7,0.0,56.47,3938.0
2023,10,Books,Unbranded,Cookbook Max,1,3,68762.16,22868.98,0.0,155.22,2589.0
2023,10,Clothing,Amul,Dupatta Max,1,1,19258.18,19258.18,1013.5900000000001,0.0,1451.0
2023,10,Clothing,Dabur,Dupatta Elite,1,3,61627.85,20491.1,0.0,154.55,2589.0
2023,10,Clothing,Havells,Lehenga Lite,1,4,66863.12,16715.78,7429.240000000005,0.0,46081.0
2023,10,Clothing,Patanjali,Tracksuit Elite,1,3,62811.18,20937.06,11084.339999999997,0.0,3567.0
2023,10,Clothing,Samsung India,Kurta Elite,1,2,24454.7,12227.35,6113.68,0.0,2994.0
2023,10,Electronics,Amul,Smart TV Lite,1,4,71802.7,17922.19,0.0,113.94,2589.0
2023,10,Electronics,Godrej,Laptop Plus,1,1,21950.88,21767.99,0.0,182.89,2811.0
2023,10,Electronics,Godrej,Smart Watch Lite,1,3,57679.28,19170.79,0.0,166.91,4468.0
2023,10,Electronics,Noise,Smartphone Lite,1,3,1026.63,342.21,54.03000000000014,0.0,2205.0
2023,10,Grocery & Food,Bajaj,Protein Bar Elite,1,4,34136.28,8534.07,1796.6399999999994,0.0,2246.0
2023,10,Grocery & Food,Unbranded,Honey Elite,1,4,1668.44,417.11,417.1199999999999,0.0,576.0
2023,10,Home & Kitchen,Godrej,Pressure Cooker Plus,1,3,27530.64,9176.88,4858.350000000002,0.0,84.0
2023,10,Home & Kitchen,Godrej,Tiffin Box Plus,1,1,21023.79,20917.39,0.0,106.4,4828.0
2023,10,Sports & Fitness,Bajaj,Sports Shoes Pro,1,3,42683.73,14227.91,7532.430000000004,0.0,2838.0
2023,10,Sports & Fitness,Godrej,Badminton Racket Pro,1,3,44096.1,14698.7,4899.569999999996,0.0,2167.0
2023,10,Sports & Fitness,Patanjali,Yoga Mat Standard,1,2,4374.87,2154.36,0.0,66.15,893.0
2023,10,Sports & Fitness,Whirlpool,Skipping Rope Max,1,2,45646.58,22823.29,2402.459999999999,0.0,588.0
2023,10,Sports & Fitness,Wildcraft,Sports Shoes Pro,1,3,36469.2,12151.43,0.0,14.91,3736.0
2023,11,Beauty & Personal,Dabur,Face Cream Lite,1,2,1231.88,615.94,217.37999999999988,0.0,310.0
2023,11,Beauty & Personal,Noise,Compact Elite,1,1,17001.04,17001.04,1889.0099999999984,0.0,2105.0
2023,11,Beauty & Personal,Unbranded,Lipstick Lite,1,3,23053.65,7684.55,4068.2999999999984,0.0,3467.0
2023,11,Beauty & Personal,Whirlpool,Kajal Elite,1,2,44685.91,22265.45,0.0,155.01,3654.0
2023,11,Beauty & Personal,Wildcraft,Kajal Standard,1,3,22592.07,7530.69,3986.819999999999,0.0,669.0
2023,11,Books,Boat,Cookbook Lite,1,1,17473.9,17365.44,0.0,108.46,1121.0
2023,11,Books,Marico,Novel Pro,1,1,9714.12,9714.12,511.2699999999986,0.0,3256.0
2023,11,Books,Tata,Children Book Pro,1,3,28587.37,9476.34,0.0,158.35,2917.0
2023,11,Books,Tata,Competitive Exam Book Lite,1,2,19235.84,9617.92,1012.4199999999983,0.0,1081.0
2023,11,Books,Unbranded,Comic Max,1,1,6721.77,6721.77,1680.4399999999987,0.0,2589.0
2023,11,Books,Wildcraft,Children Book Plus,1,3,37367.32,12452.77,0.0,9.01,1467.0
2023,11,Books,Wildcraft,Children Book Pro,1,3,2603.37,867.79,459.41999999999996,0.0,2981.0
2023,11,Clothing,Amul,Jacket Pro,1,4,36427.84,9106.96,9106.960000000006,0.0,1351.0
2023,11,Clothing,Godrej,Lehenga Plus,1,3,13801.24,4597.47,0.0,8.83,4922.0
2023,11,Electronics,Amul,Charger Elite,1,4,24382.07,6078.85,0.0,66.67,1303.0
2023,11,Electronics,Marico,Earbuds Standard,1,3,47383.69,15779.44,0.0,45.37,4965.0
2023,11,Electronics,Marico,Smartphone Plus,1,1,9465.82,9465.82,2366.4500000000007,0.0,1849.0
2023,11,Electronics,Peter England,Smart Watch Standard,1,3,5266.68,1755.56,929.4299999999998,0.0,1675.0
2023,11,Electronics,Tata,Power Bank Plus,1,4,973.36,243.34,243.32000000000005,0.0,1292.0
2023,11,Grocery & Food,Bata,Honey Max,1,3,66059.27,21986.38,0.0,100.13,3328.0
2023,11,Home & Kitchen,Amul,Cushion Cover Lite,1,2,28569.05,14274.86,0.0,19.33,3007.0
2023,11,Sports & Fitness,Bata,Dumbbell Standard,1,3,15371.18,5107.58,0.0,48.44,4957.0
2023,11,Sports & Fitness,FabIndia,Skipping Rope Pro,1,4,60546.24,15136.56,15136.560000000005,0.0,2100.0
2023,11,Sports & Fitness,Godrej,Dumbbell Elite,1,3,32947.65,10956.6,0.0,77.85,2988.0
2023,11,Toys & Baby,Boat,Action Figure Elite,1,4,32098.37,8016.0,0.0,34.37,1837.0
2023,11,Toys & Baby,Samsung India,Drawing Kit Elite,1,2,14382.32,7113.23,0.0,155.86,3848.0
2023,11,Toys & Baby,Tata,Board Game Standard,1,3,6234.42,2078.14,1100.19,0.0,990.0
2023,12,Beauty & Personal,Bajaj,Face Cream Plus,1,2,21891.78,10869.13,0.0,153.52,161.0
2023,12,Beauty & Personal,Reliance,Hair Oil Lite,1,1,4913.59,4730.0,0.0,183.59,3426.0
2023,12,Books,Bata,Children Book Pro,1,3,44659.83,14886.61,2350.5300000000007,0.0,2079.0
2023,12,Books,Havells,Self Help Book Pro,1,2,30637.12,15288.31,0.0,60.5,3919.0
2023,12,Books,Peter England,NCERT Guide Pro,1,4,28890.76,7222.69,7222.680000000004,0.0,4521.0
2023,12,Clothing,Amul,Salwar Suit Elite,1,1,3284.99,3284.99,365.0,0.0,2126.0
2023,12,Clothing,Boat,Kurta Pro,1,3,4147.23,1382.41,218.27999999999997,0.0,3534.0
2023,12,Clothing,Dabur,Lehenga Plus,1,4,343254.48,85813.62,85813.64000000001,0.0,2370.0
2023,12,Clothing,W for Woman,Jacket Lite,1,3,13626.84,4542.28,3406.710000000002,0.0,974.0
2023,12,Clothing,Wildcraft,Dupatta Pro,1,4,43214.09,10773.13,0.0,121.57,4888.0
2023,12,Electronics,Bajaj,Tablet Lite,1,3,23407.88,7792.1,0.0,31.58,4874.0
2023,12,Electronics,Patanjali,Smartphone Pro,1,4,9905.21,2446.95,0.0,117.41,3194.0
2023,12,Electronics,Peter England,Smartphone Lite,1,4,68321.32,17080.33,12056.679999999993,0.0,1555.0
2023,12,Electronics,Unbranded,Webcam Max,1,1,15695.91,15514.37,0.0,181.54,3098.0
2023,12,Electronics,Wildcraft,Speaker Elite,1,3,59927.91,19975.97,14981.969999999994,0.0,2589.0
2023,12,Grocery & Food,OnePlus,Basmati Rice Pro,1,4,4576.4,1144.1,508.4800000000005,0.0,4287.0
2023,12,Home & Kitchen,Amul,Curtain Max,1,4,77006.8,19251.7,19251.72,0.0,3808.0
2023,12,Home & Kitchen,Bajaj,Curtain Elite,1,1,23323.47,23323.47,1227.5499999999993,0.0,1179.0
2023,12,Home & Kitchen,Bajaj,Mixer Grinder Elite,1,1,7430.5,7430.5,1857.6299999999992,0.0,2939.0
2023,12,Home & Kitchen,FabIndia,Non-stick Pan Lite,1,1,7482.46,7482.46,1320.4399999999996,0.0,1209.0
2023,12,Sports & Fitness,Tata,Skipping Rope Standard,1,2,40839.62,20419.81,4537.739999999998,0.0,615.0
2023,12,Toys & Baby,Godrej,Stuffed Animal Lite,1,1,20635.84,20635.84,3641.619999999999,0.0,2138.0
2023,12,Toys & Baby,Peter England,Stuffed Animal Max,1,4,67429.64,16857.41,11899.36,0.0,1976.0
2023,12,Toys & Baby,Unbranded,Board Game Standard,1,4,7003.08,1750.77,1235.8400000000001,0.0,2157.0
2024,1,Beauty & Personal,Tata,Hair Oil Lite,1,4,20625.08,5156.27,2291.6799999999967,0.0,2727.0
2024,1,Books,Patanjali,Comic Lite,1,1,10387.16,10387.16,546.6900000000005,0.0,204.0
2024,1,Clothing,Marico,Dupatta Elite,1,4,27421.96,6855.49,4839.16,0.0,3678.0
2024,1,Clothing,OnePlus,Jeans Lite,1,3,64224.6,21352.57,0.0,166.89,3375.0
2024,1,Clothing,Patanjali,Shirt Max,1,2,27022.6,13470.36,0.0,81.88,2856.0
2024,1,Clothing,Tata,Tracksuit Plus,1,3,3408.87,1136.29,601.56,0.0,3950.0
2024,1,Clothing,Unbranded,Jacket Elite,1,3,44747.25,14915.75,11186.819999999996,0.0,623.0
2024,1,Electronics,OnePlus,Earbuds Lite,1,3,53647.7,17816.45,0.0,198.35,4547.0
2024,1,Electronics,Tata,Tablet Pro,1,3,9984.45,3328.15,525.5100000000002,0.0,240.0
2024,1,Electronics,Unbranded,Laptop Elite,1,2,15637.08,7818.54,2759.4800000000014,0.0,3871.0
2024,1,Electronics,Wildcraft,Laptop Plus,1,4,41620.96,10381.84,0.0,93.6,3235.0
2024,1,Home & Kitchen,Reliance,Mixer Grinder Max,1,4,34409.76,8602.44,1811.0400000000009,0.0,4420.0
2024,1,Home & Kitchen,Unbranded,Cushion Cover Lite,1,4,63436.88,15859.22,3338.7999999999956,0.0,1627.0
2024,1,Home & Kitchen,Unbranded,Pressure Cooker Standard,1,3,42270.85,14051.03,0.0,117.76,2272.0
2024,1,Sports & Fitness,Noise,Cricket Bat Elite,1,4,18516.68,4599.49,0.0,118.72,2589.0
2024,1,Sports & Fitness,Unbranded,Cricket Bat Elite,1,1,6348.8,6348.8,1587.1999999999998,0.0,3142.0
2024,1,Sports & Fitness,Wildcraft,Dumbbell Plus,1,1,187.79,187.79,20.870000000000005,0.0,1923.0
2024,1,Toys & Baby,Dabur,Drawing Kit Plus,1,4,61502.32,15338.64,0.0,147.76,4247.0
2024,1,Toys & Baby,Patanjali,Action Figure Standard,1,2,32638.18,16292.25,0.0,53.68,2589.0
2024,1,Toys & Baby,W for Woman,Puzzle Lite,1,3,59792.43,19930.81,3146.969999999994,0.0,3086.0
2024,2,Beauty & Personal,Amul,Serum Pro,1,2,390106.46,194981.3,0.0,143.86,725.0
2024,2,Beauty & Personal,Havells,Kajal Plus,1,2,12826.16,6413.08,1425.1200000000008,0.0,2238.0
2024,2,Books,Bata,Self Help Book Standard,1,1,6454.0,6290.84,0.0,163.16,2914.0
2024,2,Books,Havells,Cookbook Standard,1,1,15150.27,15070.39,0.0,79.88,2687.0
2024,2,Books,Samsung India,Competitive Exam Book Lite,1,2,22250.98,11125.49,5562.740000000002,0.0,4375.0
2024,2,Clothing,Amul,Kurta Pro,1,4,40045.28,10011.32,4449.480000000003,0.0,661.0
2024,2,Clothing,Bata,Lehenga Plus,1,2,11270.72,5635.36,1252.300000000001,0.0,128.0
2024,2,Clothing,FabIndia,Salwar Suit Plus,1,3,8794.03,2881.86,0.0,148.45,756.0
2024,2,Clothing,Patanjali,Kurta Plus,1,2,37005.82,18502.91,9251.46,0.0,269.0
2024,2,Clothing,Unbranded,Dupatta Lite,1,2,32288.15,16124.54,0.0,39.07,2605.0
2024,2,Clothing,Wildcraft,Tracksuit Lite,1,2,18234.2,9117.1,2026.0200000000004,0.0,3566.0
2024,2,Electronics,Dabur,Earbuds Lite,1,1,7372.51,7372.51,1301.0300000000007,0.0,3500.0
2024,2,Electronics,Godrej,Earbuds Max,1,3,31826.4,10608.8,5616.420000000004,0.0,3439.0
2024,2,Electronics,Havells,Smartphone Standard,1,1,22388.02,22191.46,0.0,196.56,3416.0
2024,2,Electronics,Peter England,Power Bank Standard,1,2,14729.3,7318.25,0.0,92.8,3429.0
2024,2,Electronics,Reliance,Smartphone Plus,1,2,29833.04,14916.52,1570.1599999999999,0.0,2799.0
2024,2,Electronics,W for Woman,Smart Watch Max,1,3,74905.39,24938.12,0.0,91.03,2996.0
2024,2,Electronics,W for Woman,Webcam Standard,1,1,22383.79,22383.79,1178.0900000000001,0.0,3638.0
2024,2,Grocery & Food,Noise,Green Tea Standard,1,4,19150.6,4754.18,0.0,133.88,2595.0
2024,2,Grocery & Food,Reliance,Honey Elite,1,4,59424.68,14856.17,3127.5999999999985,0.0,1096.0
2024,2,Home & Kitchen,OnePlus,Bedsheet Max,1,2,39189.49,19506.89,0.0,175.71,3517.0
2024,2,Sports & Fitness,Amul,Cricket Bat Max,1,1,4955.58,4779.79,0.0,175.79,406.0
2024,2,Sports & Fitness,Amul,Yoga Mat Lite,1,2,38417.19,19115.86,0.0,185.47,3376.0
2024,2,Sports & Fitness,W for Woman,Yoga Mat Lite,1,2,437.06,218.53,109.26000000000005,0.0,3630.0
2024,2,Toys & Baby,Noise,Baby Rattle Elite,1,4,17914.72,4478.68,942.8799999999974,0.0,4254.0
2024,3,Books,Dabur,NCERT Guide Elite,1,4,28627.88,7156.97,1506.7199999999975,0.0,980.0
2024,3,Books,Godrej,Atlas Max,1,1,12448.88,12448.88,655.2000000000007,0.0,3357.0
2024,3,Clothing,Amul,Tracksuit Plus,1,4,52031.64,13007.91,5781.279999999999,0.0,1207.0
2024,3,Clothing,Bata,Kurta Pro,1,4,96710.89,24152.72,0.0,100.01,2950.0
2024,3,Clothing,Boat,Kurta Plus,1,3,74216.44,24679.75,0.0,177.19,3232.0
2024,3,Clothing,Boat,Saree Lite,1,1,23361.13,23286.77,0.0,74.36,4697.0
2024,3,Clothing,Havells,T-Shirt Elite,1,2,4975.16,2487.58,877.9800000000005,0.0,114.0
2024,3,Clothing,Peter England,Jeans Elite,1,2,20455.55,10142.0,0.0,171.55,2490.0
2024,3,Clothing,Wildcraft,Tracksuit Lite,1,1,10161.92,10130.11,0.0,31.81,3566.0
2024,3,Electronics,Bajaj,Laptop Max,1,1,10653.33,10653.33,2663.33,0.0,2589.0
2024,3,Electronics,Godrej,Speaker Plus,1,3,54447.96,18149.32,6049.77,0.0,4815.0
2024,3,Electronics,Havells,Charger Standard,1,1,22324.95,22244.91,0.0,80.04,4692.0
2024,3,Electronics,OnePlus,Smartphone Standard,1,4,28760.24,7165.19,0.0,99.48,4965.0
2024,3,Electronics,Tata,Smart Watch Pro,1,4,19627.56,4906.89,2180.84,0.0,2292.0
2024,3,Grocery & Food,Bajaj,Atta Pro,1,1,5611.08,5611.08,1402.7700000000004,0.0,4598.0
2024,3,Grocery & Food,FabIndia,Basmati Rice Max,1,4,17092.0,4273.0,899.5999999999985,0.0,213.0
2024,3,Grocery & Food,OnePlus,Basmati Rice Elite,1,3,66611.34,22151.94,0.0,155.52,3429.0
2024,3,Grocery & Food,Reliance,Spice Set Lite,1,4,14845.96,3711.49,3711.4799999999996,0.0,2230.0
2024,3,Home & Kitchen,Bajaj,Tiffin Box Plus,1,3,46781.65,15569.75,0.0,72.4,2589.0
2024,3,Home & Kitchen,Bata,Pressure Cooker Plus,1,1,12170.35,12170.35,640.539999999999,0.0,390.0
2024,3,Home & Kitchen,Havells,Cushion Cover Standard,1,4,28712.36,7178.09,1511.1599999999999,0.0,4718.0
2024,3,Home & Kitchen,Marico,Bedsheet Elite,1,1,12232.27,12114.41,0.0,117.86,4505.0
2024,3,Home & Kitchen,Marico,Cushion Cover Pro,1,2,5492.3,2746.15,289.0599999999995,0.0,2428.0
2024,3,Home & Kitchen,Patanjali,Tiffin Box Plus,1,1,9349.3,9349.3,1038.8100000000013,0.0,3110.0
2024,3,Home & Kitchen,Tata,Water Bottle Pro,1,1,4785.76,4757.52,0.0,28.24,4231.0
2024,3,Sports & Fitness,Amul,Badminton Racket Max,1,1,15574.17,15391.43,0.0,182.74,2691.0
2024,3,Sports & Fitness,Dabur,Skipping Rope Plus,1,4,45706.44,11426.61,2405.5999999999985,0.0,2410.0
2024,3,Sports & Fitness,Havells,Skipping Rope Max,1,2,13621.38,6732.08,0.0,157.22,677.0
2024,3,Sports & Fitness,Marico,Gym Gloves Plus,1,2,502.58,251.29,88.69999999999999,0.0,426.0
2024,3,Sports & Fitness,Samsung India,Cricket Bat Max,1,2,29953.5,14976.75,7488.379999999997,0.0,4562.0
2024,3,Toys & Baby,Amul,Puzzle Pro,1,3,65211.32,21736.35,0.0,2.27,3995.0
2024,3,Toys & Baby,Bata,Lego Set Elite,1,1,1151.98,1151.98,60.62999999999988,0.0,4847.0
2024,3,Toys & Baby,Godrej,Baby Rattle Max,1,3,5428.95,1794.39,0.0,45.78,4129.0
2024,3,Toys & Baby,Marico,Stuffed Animal Lite,1,2,37496.34,18733.99,0.0,28.36,672.0
2024,3,Toys & Baby,Unbranded,Board Game Standard,1,3,6531.3,2177.1,343.7399999999998,0.0,1186.0
2024,4,Beauty & Personal,Bajaj,Sunscreen Max,1,4,90587.6,22644.48,0.0,9.68,1982.0
2024,4,Beauty & Personal,Dabur,Serum Plus,1,4,84193.47,21011.65,0.0,146.87,2079.0
2024,4,Beauty & Personal,Havells,Face Cream Plus,1,4,66674.37,16661.33,0.0,29.05,2272.0
2024,4,Beauty & Personal,Marico,Lipstick Max,1,1,13934.88,13855.57,0.0,79.31,4522.0
2024,4,Beauty & Personal,Wildcraft,Sunscreen Pro,1,1,12618.69,12618.69,1402.08,0.0,1732.0
2024,4,Books,Samsung India,Novel Plus,1,1,9346.43,9346.43,1038.4899999999998,0.0,4026.0
2024,4,Books,W for Woman,Children Book Pro,2,7,60275.18,8859.58,8558.060000000003,0.0,2946.5
2024,4,Books,Wildcraft,Atlas Elite,1,4,50924.56,12731.14,2680.2400000000052,0.0,2720.0
2024,4,Clothing,Godrej,Salwar Suit Lite,1,3,4850.51,1609.88,0.0,20.87,2355.0
2024,4,Clothing,Havells,Jeans Elite,1,4,87335.58,21792.42,0.0,165.9,2839.0
2024,4,Clothing,Whirlpool,Jeans Max,1,3,813.3,271.1,203.33999999999992,0.0,3078.0
2024,4,Electronics,Amul,Smart TV Pro,1,2,20131.16,10065.58,2236.7999999999993,0.0,4621.0
2024,4,Electronics,Marico,Webcam Elite,1,2,236.58,87.98,0.0,60.62,3711.0
2024,4,Electronics,Peter England,Tablet Pro,1,4,29248.28,7312.07,5161.440000000002,0.0,4468.0
2024,4,Electronics,Tata,Tablet Pro,1,2,39585.62,19727.08,0.0,131.46,3037.0
2024,4,Grocery & Food,Unbranded,Pickle Pro,1,1,1939.71,1772.73,0.0,166.98,3945.0
2024,4,Home & Kitchen,Havells,Bedsheet Plus,1,4,43346.07,10793.44,0.0,172.31,3772.0
2024,4,Sports & Fitness,Havells,Badminton Racket Standard,1,3,28281.21,9427.07,3142.350000000002,0.0,509.0
2024,4,Sports & Fitness,W for Woman,Skipping Rope Elite,1,3,661.31,203.57,0.0,50.6,784.0
2024,4,Toys & Baby,Bata,Drawing Kit Plus,1,1,20318.83,20133.65,0.0,185.18,2589.0
2024,4,Toys & Baby,Reliance,Remote Car Plus,1,4,76128.56,19032.14,4006.7600000000093,0.0,758.0
2024,5,Books,Godrej,Atlas Lite,1,3,57154.9,18987.35,0.0,192.85,2293.0
2024,5,Books,Godrej,NCERT Guide Pro,1,1,181.63,181.63,20.180000000000007,0.0,1482.0
2024,5,Books,Reliance,Cookbook Max,1,3,6663.93,2180.68,0.0,121.89,3304.0
2024,5,Books,Tata,Self Help Book Elite,1,3,752.67,250.89,83.63999999999999,0.0,2589.0
2024,5,Books,Wildcraft,Cookbook Elite,1,2,24459.7,12229.85,2717.739999999998,0.0,3861.0
2024,5,Clothing,OnePlus,Dupatta Plus,1,4,58707.36,14676.84,10360.119999999995,0.0,2252.0
2024,5,Clothing,Patanjali,Shirt Elite,2,8,87613.41,10940.585,0.0,88.72999999999999,1932.5
2024,5,Electronics,Havells,Power Bank Elite,1,4,24830.12,6184.29,0.0,92.96,1515.0
2024,5,Electronics,Noise,Laptop Standard,1,2,18288.16,9144.08,3227.3199999999997,0.0,1650.0
2024,5,Electronics,OnePlus,Smart Watch Standard,1,3,6170.64,2056.88,1088.94,0.0,328.0
2024,5,Electronics,W for Woman,Tablet Plus,1,2,2165.84,1082.92,240.65999999999985,0.0,1348.0
2024,5,Grocery & Food,Bata,Dry Fruits Elite,1,2,16775.01,8371.49,0.0,32.03,709.0
2024,5,Grocery & Food,FabIndia,Dry Fruits Plus,1,2,25240.6,12620.3,1328.4600000000028,0.0,4850.0
2024,5,Grocery & Food,Whirlpool,Honey Max,1,2,12331.22,6131.8,0.0,67.62,13205.0
2024,5,Home & Kitchen,Bajaj,Bedsheet Elite,1,2,43741.36,21870.68,2302.1800000000003,0.0,887.0
2024,5,Home & Kitchen,Bajaj,Pressure Cooker Max,1,2,7218.86,3583.02,0.0,52.82,1956.0
2024,5,Home & Kitchen,Dabur,Mixer Grinder Plus,1,4,79006.28,19751.57,4158.240000000005,0.0,4164.0
2024,5,Home & Kitchen,FabIndia,Tiffin Box Plus,1,1,21492.21,21442.77,0.0,49.44,4414.0
2024,5,Home & Kitchen,Havells,Curtain Lite,1,3,22902.27,7634.09,5725.560000000001,0.0,74.0
2024,5,Home & Kitchen,OnePlus,Bedsheet Standard,1,3,46424.26,15442.37,0.0,97.15,3698.0
2024,5,Home & Kitchen,OnePlus,Curtain Elite,1,2,40826.08,20413.04,4536.239999999998,0.0,2589.0
2024,5,Sports & Fitness,Amul,Badminton Racket Pro,1,1,17626.68,17603.96,0.0,22.72,3072.0
2024,5,Sports & Fitness,Bajaj,Badminton Racket Standard,1,3,61041.96,20347.32,10772.100000000002,0.0,2555.0
2024,5,Sports & Fitness,Dabur,Dumbbell Max,1,1,15835.31,15835.31,1759.4800000000014,0.0,1907.0
2024,5,Toys & Baby,Boat,Board Game Max,1,1,16880.74,16819.09,0.0,61.65,2785.0
2024,5,Toys & Baby,FabIndia,Stuffed Animal Max,1,4,94440.28,23586.2,0.0,95.48,4677.0
2024,5,Toys & Baby,Noise,Lego Set Standard,1,1,5440.48,5268.6,0.0,171.88,1618.0
2024,5,Toys & Baby,Peter England,Stuffed Animal Max,1,3,59524.98,19832.25,0.0,28.23,1976.0
2024,5,Toys & Baby,Tata,Drawing Kit Lite,1,4,11599.55,2890.44,0.0,37.79,3874.0
2024,6,Beauty & Personal,Dabur,Compact Elite,1,4,43624.6,10859.92,0.0,184.92,701.0
2024,6,Beauty & Personal,Godrej,Hair Oil Pro,1,3,52146.15,17382.05,9202.260000000006,0.0,439.0
2024,6,Beauty & Personal,Peter England,Sunscreen Pro,1,4,15052.52,3760.28,0.0,11.4,4614.0
2024,6,Beauty & Personal,Samsung India,Sunscreen Standard,1,3,7281.37,2386.46,0.0,121.99,4976.0
2024,6,Beauty & Personal,Unbranded,Body Lotion Max,1,3,43594.21,14491.23,0.0,120.52,2438.0
2024,6,Beauty & Personal,Wildcraft,Face Cream Plus,1,2,23232.55,11578.86,0.0,74.83,3752.0
2024,6,Books,Samsung India,NCERT Guide Lite,1,2,16921.6,8391.09,0.0,139.42,989.0
2024,6,Clothing,Dabur,Dupatta Lite,1,4,45357.96,11339.49,2387.279999999999,0.0,3951.0
2024,6,Clothing,Patanjali,Tracksuit Elite,1,3,73953.38,24631.84,0.0,57.86,3567.0
2024,6,Clothing,W for Woman,Tracksuit Lite,1,2,32452.53,16187.68,0.0,77.17,27215.0
2024,6,Electronics,Amul,Earbuds Plus,1,2,20907.64,10453.82,5226.920000000002,0.0,1849.0
2024,6,Electronics,Samsung India,Smart Watch Standard,1,3,34151.72,11330.74,0.0,159.5,1547.0
2024,6,Electronics,Tata,Smart Watch Max,1,4,31966.6,7991.65,3551.840000000004,0.0,2094.0
2024,6,Electronics,Whirlpool,Power Bank Lite,1,1,18086.42,18067.38,0.0,19.04,957.0
2024,6,Grocery & Food,Tata,Dry Fruits Elite,1,1,4233.77,4142.48,0.0,91.29,4677.0
2024,6,Grocery & Food,Unbranded,Honey Elite,1,2,1217.38,521.39,0.0,174.6,576.0
2024,6,Home & Kitchen,Unbranded,Cushion Cover Standard,1,2,17349.5,8579.98,0.0,189.54,592.0
2024,6,Home & Kitchen,Whirlpool,Mixer Grinder Standard,1,4,68233.33,17030.83,0.0,110.01,2500.0
2024,6,Sports & Fitness,Dabur,Cycling Helmet Lite,1,1,5433.32,5433.32,603.7000000000007,0.0,411.0
2024,6,Sports & Fitness,Marico,Skipping Rope Plus,1,1,24925.5,24812.26,0.0,113.24,1208.0
2024,7,Beauty & Personal,Dabur,Compact Lite,1,2,9705.92,4779.46,0.0,147.0,313.0
2024,7,Beauty & Personal,Dabur,Sunscreen Max,1,3,65087.11,21690.32,0.0,16.15,4112.0
2024,7,Beauty & Personal,Reliance,Lipstick Lite,1,3,61702.68,20567.56,6855.8399999999965,0.0,2601.0
2024,7,Books,Boat,Self Help Book Lite,1,1,19827.73,19724.2,0.0,103.53,3521.0
2024,7,Books,Peter England,Comic Pro,1,3,40099.17,13366.39,7076.340000000002,0.0,3545.0
2024,7,Clothing,Havells,Salwar Suit Max,1,4,4583.72,1099.79,0.0,184.56,4899.0
2024,7,Clothing,Marico,Salwar Suit Plus,1,4,59656.0,14914.0,10527.520000000004,0.0,3263.0
2024,7,Clothing,Patanjali,Jacket Plus,1,3,35789.64,11872.78,0.0,171.3,3635.0
2024,7,Electronics,Boat,Webcam Elite,1,3,22964.28,7654.76,5741.0700000000015,0.0,2589.0
2024,7,Electronics,Peter England,Tablet Max,1,1,6438.84,6339.75,0.0,99.09,1784.0
2024,7,Electronics,Samsung India,Earbuds Elite,1,1,12120.37,12120.37,1346.7099999999991,0.0,1104.0
2024,7,Electronics,Wildcraft,Earbuds Max,1,1,4939.91,4939.91,871.75,0.0,1607.0
2024,7,Electronics,Wildcraft,Smart TV Pro,1,3,72290.71,24070.61,0.0,78.88,130.0
2024,7,Grocery & Food,Patanjali,Green Tea Standard,1,4,85711.8,21390.66,0.0,149.16,1191.0
2024,7,Grocery & Food,Patanjali,Protein Bar Standard,1,2,38596.48,19298.24,6811.139999999999,0.0,2213.0
2024,7,Grocery & Food,Tata,Pickle Pro,1,1,8675.01,8539.24,0.0,135.77,1726.0
2024,7,Grocery & Food,Unbranded,Organic Ghee Max,1,3,49985.7,16661.9,8820.989999999994,0.0,4785.0
2024,7,Home & Kitchen,FabIndia,Curtain Standard,1,1,13890.72,13890.72,2451.300000000001,0.0,1280.0
2024,7,Home & Kitchen,OnePlus,Curtain Standard,1,2,28500.18,14250.09,1500.0,0.0,1625.0
2024,7,Home & Kitchen,Peter England,Curtain Pro,1,3,22530.48,7510.16,5632.620000000003,0.0,2413.0
2024,7,Sports & Fitness,Amul,Cricket Bat Max,1,4,17207.24,4301.81,1911.9199999999983,0.0,406.0
2024,7,Sports & Fitness,Patanjali,Skipping Rope Elite,1,1,16067.33,16067.33,2835.4100000000017,0.0,1830.0
2024,7,Sports & Fitness,W for Woman,Gym Gloves Lite,1,2,20664.62,10332.31,2296.0600000000013,0.0,263.0
2024,7,Toys & Baby,Boat,Board Game Plus,1,4,16854.51,4169.79,0.0,175.35,4420.0
2024,7,Toys & Baby,Wildcraft,Puzzle Lite,1,3,45226.78,15024.75,0.0,152.53,1207.0
2024,8,Beauty & Personal,Godrej,Face Cream Pro,1,3,55389.24,18463.08,2915.219999999994,0.0,1728.0
2024,8,Books,Bajaj,NCERT Guide Pro,1,2,7131.66,3565.83,1258.5200000000004,0.0,3273.0
2024,8,Books,Tata,Comic Max,1,1,14736.64,14664.89,0.0,71.75,4538.0
2024,8,Books,Whirlpool,Competitive Exam Book Plus,1,4,18632.81,4624.98,0.0,132.89,287.0
2024,8,Clothing,Dabur,Dupatta Standard,1,3,25867.17,8622.39,4564.800000000001,0.0,1192.0
2024,8,Clothing,Godrej,Shirt Standard,1,4,48605.24,12151.31,2558.1600000000035,0.0,2115.0
2024,8,Clothing,Unbranded,Jeans Standard,1,2,12219.43,6038.12,0.0,143.19,2589.0
2024,8,Electronics,Amul,Power Bank Plus,1,1,22346.65,22346.65,2482.959999999999,0.0,3718.0
2024,8,Electronics,Marico,Charger Standard,1,1,5049.22,4922.33,0.0,126.89,4504.0
2024,8,Electronics,Patanjali,Smartphone Pro,1,4,9811.45,2446.95,0.0,23.65,3194.0
2024,8,Grocery & Food,Havells,Organic Ghee Lite,1,2,41795.87,20864.94,0.0,65.99,3908.0
2024,8,Grocery & Food,Noise,Atta Elite,1,3,15716.82,5238.94,3929.1900000000014,0.0,2853.0
2024,8,Grocery & Food,Noise,Atta Max,1,3,8567.19,2854.25,0.0,4.44,4093.0
2024,8,Home & Kitchen,FabIndia,Non-stick Pan Standard,1,4,95579.7,23881.54,0.0,53.54,2351.0
2024,8,Home & Kitchen,OnePlus,Non-stick Pan Elite,1,2,27574.96,13722.65,0.0,129.66,453.0
2024,8,Home & Kitchen,Whirlpool,Cushion Cover Pro,1,1,20585.47,20570.01,0.0,15.46,2019.0
2024,8,Home & Kitchen,Wildcraft,Pressure Cooker Standard,1,1,3314.74,3314.74,174.46000000000004,0.0,4629.0
2024,8,Sports & Fitness,Bajaj,Sports Shoes Lite,1,3,12285.93,4095.31,3071.490000000001,0.0,2815.0
2024,8,Sports & Fitness,Noise,Dumbbell Standard,1,2,1787.78,893.89,198.6400000000001,0.0,4416.0
2024,8,Sports & Fitness,OnePlus,Gym Gloves Plus,1,3,9018.81,3006.27,1002.0900000000006,0.0,2589.0
2024,8,Sports & Fitness,Unbranded,Cycling Helmet Plus,1,3,56118.63,18701.35,0.0,14.58,2589.0
2024,8,Sports & Fitness,Unbranded,Gym Gloves Standard,1,4,38844.68,9711.17,6854.959999999999,0.0,4768.0
2024,8,Sports & Fitness,Unbranded,Sports Shoes Standard,1,4,18879.08,4719.77,2097.6799999999967,0.0,3549.0
2024,8,Sports & Fitness,Whirlpool,Badminton Racket Elite,1,2,19763.36,9881.68,4940.84,0.0,1906.0
2024,8,Toys & Baby,Amul,Remote Car Standard,1,4,63080.6,15770.15,11131.879999999997,0.0,3961.0
2024,8,Toys & Baby,Bajaj,Board Game Max,1,2,6245.52,3122.76,1102.1599999999999,0.0,2462.0
2024,8,Toys & Baby,Dabur,Remote Car Elite,1,3,14569.02,4856.34,1618.7700000000004,0.0,4544.0
2024,8,Toys & Baby,FabIndia,Lego Set Pro,1,2,29377.94,14688.97,7344.48,0.0,2511.0
2024,9,Beauty & Personal,Amul,Lipstick Standard,1,1,11745.68,11745.68,1305.08,0.0,4743.0
2024,9,Beauty & Personal,Bajaj,Face Wash Pro,1,3,48708.96,16223.78,0.0,37.62,1551.0
2024,9,Books,FabIndia,Competitive Exam Book Elite,1,1,13346.19,13346.19,1482.9099999999999,0.0,2247.0
2024,9,Books,Peter England,Children Book Max,1,4,80230.92,20057.73,8914.559999999998,0.0,1357.0
2024,9,Books,Peter England,NCERT Guide Max,1,2,15301.75,7630.83,0.0,40.09,744.0
2024,9,Clothing,Amul,Salwar Suit Standard,1,4,73117.64,18279.41,12903.119999999995,0.0,3357.0
2024,9,Clothing,Bajaj,Kurta Standard,1,3,59958.99,19955.16,0.0,93.51,2359.0
2024,9,Clothing,Boat,Saree Standard,1,2,40277.66,20138.83,2119.8799999999974,0.0,4080.0
2024,9,Clothing,Godrej,Salwar Suit Lite,1,2,2575.8,1287.9,643.96,0.0,2355.0
2024,9,Clothing,Patanjali,Jacket Plus,1,1,24008.93,23943.74,0.0,65.19,1211.0
2024,9,Clothing,Peter England,Tracksuit Max,1,4,54890.14,13717.38,0.0,20.62,3848.0
2024,9,Electronics,Bata,Smart TV Plus,1,1,14679.6,14482.7,0.0,196.9,4725.0
2024,9,Electronics,Boat,Tablet Pro,1,1,11471.5,11471.5,2867.879999999999,0.0,941.0
2024,9,Electronics,FabIndia,Smart Watch Lite,1,1,1302.02,1302.02,68.52999999999997,0.0,1016.0
2024,9,Grocery & Food,OnePlus,Honey Lite,1,4,30324.73,7577.24,0.0,15.77,3748.0
2024,9,Grocery & Food,Patanjali,Dal Standard,1,3,15303.92,5091.18,0.0,30.38,3064.0
2024,9,Home & Kitchen,Marico,Water Bottle Lite,1,4,64360.84,16083.42,0.0,27.16,686.0
2024,9,Home & Kitchen,Tata,Tiffin Box Lite,1,4,39559.04,9885.39,0.0,17.48,2589.0
2024,9,Sports & Fitness,Havells,Cycling Helmet Plus,1,2,47008.07,23447.57,0.0,112.93,1759.0
2024,9,Toys & Baby,Marico,Puzzle Pro,1,2,18900.34,9450.17,2100.040000000001,0.0,949.0
2024,10,Beauty & Personal,Amul,Kajal Pro,1,2,46572.07,23190.61,0.0,190.85,2226.0
2024,10,Beauty & Personal,Bajaj,Face Cream Standard,1,4,61276.24,15301.91,0.0,68.6,4603.0
2024,10,Beauty & Personal,Dabur,Sunscreen Max,1,2,43463.94,21690.32,0.0,83.3,4112.0
2024,10,Beauty & Personal,Samsung India,Face Cream Plus,1,3,27310.18,9079.41,0.0,71.95,4999.0
2024,10,Beauty & Personal,Whirlpool,Body Lotion Plus,1,4,24946.96,6236.74,6236.760000000002,0.0,2998.0
2024,10,Books,Amul,Cookbook Pro,1,1,482.17,417.17,0.0,65.0,4043.0
2024,10,Clothing,Dabur,Dupatta Standard,1,1,10302.73,10143.99,0.0,158.74,1192.0
2024,10,Clothing,OnePlus,Tracksuit Lite,1,2,33958.17,16970.31,0.0,17.55,1666.0
2024,10,Clothing,Patanjali,Jacket Plus,1,4,81408.72,20352.18,14366.240000000005,0.0,1211.0
2024,10,Clothing,Peter England,Shirt Pro,1,1,4022.56,4012.62,0.0,9.94,910.0
2024,10,Clothing,Tata,Jacket Max,1,1,14578.57,14578.57,2572.6899999999987,0.0,4959.0
2024,10,Clothing,Tata,Kurta Lite,1,3,48694.56,16231.52,8593.140000000003,0.0,995.0
2024,10,Clothing,Tata,Lehenga Lite,1,2,27616.14,13808.07,3068.459999999999,0.0,2589.0
2024,10,Electronics,Bajaj,Charger Plus,1,3,60509.19,20151.73,0.0,54.0,4271.0
2024,10,Electronics,Bajaj,Power Bank Pro,1,1,15494.85,15494.85,1721.6499999999996,0.0,2737.0
2024,10,Electronics,Bata,Smart TV Pro,1,1,12058.39,11913.18,0.0,145.21,3179.0
2024,10,Electronics,Bata,Smart Watch Plus,1,1,14617.67,14454.3,0.0,163.37,3415.0
2024,10,Electronics,Bata,Smart Watch Pro,1,1,1573.02,1573.02,82.78999999999996,0.0,1782.0
2024,10,Electronics,Bata,Smartphone Pro,1,1,22397.19,22397.19,2488.5800000000017,0.0,3185.0
2024,10,Electronics,Boat,Smart TV Lite,1,2,14374.96,7187.48,3593.7400000000016,0.0,4193.0
2024,10,Electronics,Boat,Tablet Pro,1,4,40313.16,10078.29,4479.239999999998,0.0,380.0
2024,10,Electronics,Dabur,Charger Max,1,4,75108.36,18777.09,18777.08,0.0,1160.0
2024,10,Electronics,FabIndia,Webcam Standard,1,2,36484.76,18242.38,1920.2599999999948,0.0,4299.0
2024,10,Electronics,Havells,Laptop Elite,1,4,58235.8,14558.95,3065.0399999999936,0.0,4613.0
2024,10,Electronics,Reliance,Speaker Max,1,3,57795.84,19265.28,3041.8800000000083,0.0,846.0
2024,10,Grocery & Food,FabIndia,Green Tea Pro,1,4,35935.48,8983.87,1891.3599999999933,0.0,1841.0
2024,10,Home & Kitchen,Bata,Water Bottle Standard,1,2,36031.86,18015.93,6358.559999999998,0.0,811.0
2024,10,Home & Kitchen,Boat,Pressure Cooker Max,1,2,16398.33,8105.85,0.0,186.63,4678.0
2024,10,Sports & Fitness,Dabur,Skipping Rope Elite,1,1,13285.42,13285.42,699.2299999999996,0.0,2589.0
2024,10,Sports & Fitness,Havells,Skipping Rope Elite,1,1,23439.2,23439.2,1233.6399999999994,0.0,44184.0
2024,10,Sports & Fitness,Peter England,Dumbbell Max,1,4,62776.64,15694.16,6975.199999999997,0.0,4339.0
2024,10,Sports & Fitness,Peter England,Sports Shoes Elite,1,4,73036.72,18259.18,12888.839999999997,0.0,4394.0
2024,10,Toys & Baby,Bajaj,Drawing Kit Elite,1,4,84109.08,21006.96,0.0,81.24,654.0
2024,10,Toys & Baby,W for Woman,Stuffed Animal Lite,1,4,18747.72,4686.93,4686.919999999998,0.0,540.0
2024,11,Beauty & Personal,Amul,Lipstick Pro,1,4,87779.09,21896.6,0.0,192.69,4450.0
2024,11,Beauty & Personal,Boat,Hair Oil Standard,1,1,4929.44,4869.06,0.0,60.38,677.0
2024,11,Beauty & Personal,Noise,Face Wash Lite,1,3,16961.73,5653.91,1884.63,0.0,2069.0
2024,11,Beauty & Personal,Patanjali,Lipstick Max,1,4,64041.7,15972.83,0.0,150.38,857.0
2024,11,Beauty & Personal,Reliance,Shampoo Pro,1,2,15647.78,7823.89,1738.6399999999976,0.0,4895.0
2024,11,Beauty & Personal,Wildcraft,Face Wash Elite,1,4,69354.61,17313.73,0.0,99.69,317.0
2024,11,Books,Dabur,Children Book Pro,1,1,9102.32,9102.32,2275.58,0.0,2589.0
2024,11,Books,FabIndia,NCERT Guide Lite,1,2,10793.71,5313.78,0.0,166.15,2576.0
2024,11,Clothing,Havells,Jacket Plus,1,3,20589.42,6863.14,2287.709999999999,0.0,4998.0
2024,11,Clothing,W for Woman,Shirt Standard,1,3,8163.21,2721.07,429.6300000000001,0.0,4277.0
2024,11,Electronics,Bata,Smart Watch Plus,1,1,172.8,172.8,19.19999999999999,0.0,1587.0
2024,11,Electronics,Havells,Smartphone Standard,1,4,71012.68,17753.17,17753.160000000003,0.0,3416.0
2024,11,Grocery & Food,W for Woman,Green Tea Elite,1,2,15637.96,7818.98,1737.5600000000013,0.0,3438.0
2024,11,Home & Kitchen,Bata,Water Bottle Elite,1,1,9285.52,9285.52,1638.619999999999,0.0,4383.0
2024,11,Home & Kitchen,Dabur,Water Bottle Standard,1,2,6804.6,3402.3,1701.1399999999994,0.0,722.0
2024,11,Home & Kitchen,FabIndia,Cushion Cover Lite,1,2,6877.46,3438.73,1719.3599999999997,0.0,2029.0
2024,11,Home & Kitchen,Tata,Curtain Elite,1,1,1236.2,1144.36,0.0,91.84,1167.0
2024,11,Home & Kitchen,Wildcraft,Tiffin Box Elite,1,1,12236.55,12236.55,2159.3900000000012,0.0,2589.0
2024,11,Sports & Fitness,Amul,Yoga Mat Lite,1,3,48745.44,16248.48,8602.140000000003,0.0,3376.0
2024,11,Sports & Fitness,FabIndia,Cycling Helmet Standard,1,4,50712.78,12655.41,0.0,91.14,196.0
2024,11,Sports & Fitness,Havells,Cricket Bat Elite,1,4,17285.46,4277.29,0.0,176.3,89.0
2024,11,Sports & Fitness,Patanjali,Badminton Racket Max,1,2,21923.18,10894.54,0.0,134.1,1416.0
2024,11,Sports & Fitness,Unbranded,Sports Shoes Lite,1,4,60058.96,15014.74,10598.640000000007,0.0,1951.0
2024,11,Toys & Baby,Patanjali,Action Figure Standard,1,1,15477.64,15477.64,814.6100000000006,0.0,2589.0
2024,11,Toys & Baby,Whirlpool,Baby Rattle Elite,1,4,21449.52,5362.38,5362.360000000001,0.0,4216.0
2024,11,Toys & Baby,Wildcraft,Puzzle Elite,1,2,2122.06,1061.03,235.7800000000002,0.0,3002.0
2024,12,Beauty & Personal,Dabur,Sunscreen Max,1,4,4320.01,1060.65,0.0,77.41,1382.0
2024,12,Beauty & Personal,Peter England,Compact Max,1,1,4588.71,4588.71,809.7699999999995,0.0,4105.0
2024,12,Books,Boat,Novel Elite,1,3,57294.33,19098.11,3015.4799999999996,0.0,3987.0
2024,12,Books,Noise,Self Help Book Plus,1,2,27644.67,13730.33,0.0,184.01,1711.0
2024,12,Clothing,Amul,Salwar Suit Standard,1,4,86056.48,21505.19,0.0,35.72,3357.0
2024,12,Clothing,Havells,T-Shirt Max,1,4,35392.14,8823.45,0.0,98.34,1874.0
2024,12,Clothing,Patanjali,Dupatta Standard,1,1,18171.65,18034.99,0.0,136.66,3335.0
2024,12,Clothing,Tata,Shirt Standard,1,2,38358.78,19179.39,9589.700000000004,0.0,3652.0
2024,12,Electronics,Boat,Speaker Elite,1,1,1519.97,1519.97,379.99,0.0,1556.0
2024,12,Electronics,Godrej,Smart TV Elite,1,3,5201.52,1733.84,577.9500000000003,0.0,3813.0
2024,12,Electronics,Marico,Webcam Elite,1,4,472.21,87.98,0.0,120.29,3711.0
2024,12,Electronics,Reliance,Earbuds Elite,1,4,14073.98,3518.29,0.0,0.82,4087.0
2024,12,Electronics,Reliance,Smartphone Standard,1,1,10149.81,10149.81,534.2000000000007,0.0,2228.0
2024,12,Electronics,Tata,Smart Watch Pro,1,1,14030.49,14030.49,738.4500000000007,0.0,2881.0
2024,12,Electronics,Unbranded,Webcam Elite,1,4,22276.16,5569.04,1172.4399999999987,0.0,3728.0
2024,12,Grocery & Food,Havells,Protein Bar Standard,1,4,77832.49,19439.92,0.0,72.81,2104.0
2024,12,Grocery & Food,OnePlus,Green Tea Standard,1,3,55079.6,18337.42,0.0,67.34,1943.0
2024,12,Grocery & Food,Patanjali,Green Tea Max,1,3,40337.97,13445.99,4482.0,0.0,729.0
2024,12,Home & Kitchen,Amul,Mixer Grinder Pro,1,2,20849.92,10424.96,2316.6600000000035,0.0,1623.0
2024,12,Home & Kitchen,OnePlus,Curtain Lite,1,4,75506.0,18876.5,8389.559999999998,0.0,1466.0
2024,12,Home & Kitchen,Patanjali,Cushion Cover Lite,1,1,3717.63,3712.18,0.0,5.45,3595.0
2024,12,Home & Kitchen,Samsung India,Water Bottle Standard,1,4,64058.76,15977.14,0.0,150.2,1893.0
2024,12,Sports & Fitness,Patanjali,Sports Shoes Pro,1,4,77367.6,19341.9,4071.959999999992,0.0,1955.0
2024,12,Sports & Fitness,Peter England,Badminton Racket Max,1,1,7169.42,7040.59,0.0,128.83,2589.0
2024,12,Toys & Baby,Marico,Stuffed Animal Max,1,3,64922.23,21602.71,0.0,114.1,2579.0
